hwid,name,available,location,description
33,Nokia N90,t,cologne,Handy\n\nZubehör:\n   * Akku (Kein Deckel)\n   * Netzteil\n   * USB Kabel
25,Nokia 6500c,t,cologne,Handy (Kein WLAN)\n\nDer Opera Mini Browser nennt sich web n' walk direkt auf dem Hauptbildschirm.\nDer "Build-In" Browser ist unter Menü->Internet\n\nBlue-Box-Inhalt:\n- Phone\n- Deckel\n- Akku\n- Aufladekabel
78,Palm Treo 750v,t,cologne,Handy\n\nZubehör:\n- Akku\n- Deckel\n- Stift\n- Aufladegerät
8,Philips 32 PFL 9604H,t,cologne,Fernseher
28,Nokia N70,t,cologne,Handy. Stecker vom Ladegerät ist defekt (gebogen).\n\nKein WLAN\n\nZubehör:\n   * Deckel\n   * Akku\n   * Netzteil
562,Apple iPad Mini 2,t,cologne,Tablet. WLAN-Unterstützung.\n\nSerien-Nummer: DQTLP2MWFCM8\nUDID: 0ece448b3972a9c5fac244dfbaa310de38f22a00\nEntsperrungscode: 8809\n\nZubehör:\n- Tablet\n- USB-Kabel\n- Stromnetzstecker\n- Stromnetzstecker-Adapter
11,Palm Pre,t,cologne,Unser erstes Palm Pre. Firmware: webOS/1.4.0; WLAN-Unterstützung;\nBestandteile:\n- Akku\n- Deckel\n- Strom-Netzadapter\n- Datenkabel
7,Sony Playstation 3,t,cologne,Spielkonsole\n\nBox:\n\n- Konsole\n- HDMI - Kabel\n- Controller\n- USB - Aufladekabel\n- Videokabel + Adapter\n- Stromnetzkabel\n- Anleitung
60,Sony Ericsson W900i,t,cologne,Handy\n\nBestandteile:\n- Deckel\n- Akku\n- Datenkabel\n
43,Nokia 6710,t,cologne,Handy; WLAN-Unterstützung\n\nZubehör:\n   1: Klappe\n   2: Akku\n   3: Kabel (USB)\n   4: Netzteil
90,Sony Ericsson K750i,t,cologne,Handy\n\nBlue-Box-Inhalt:\n- Phone\n- Akku\n- Deckel\n- Aufladekabel
44,Motorola V9,t,cologne,Handy\n\nBestandteile:\n- Klappe\n- Akku\n- Aufladegerät\n- Datenkabel\n- Mini-USB-zu-Micro-USB-Kabel
35,Nokia N80,t,cologne,Handy; WLAN-Unterstützung\n\nBlue-Box-Inhalt:\n- Phone\n- Deckel\n- Akku\n- Aufladekabel\n- Datenkabel
40,Motorola E1000,t,cologne,Handy\n\nBlue-Box-Inhalt:\n- Phone\n- Deckel\n- Akku\n- Aufladegerät\n
23,Nokia E60,t,cologne,WLAN funktioniert leider nichtmehr mit unserem\n\nZubehör:\n\n- Klappe\n- Akku\n- Netzteil\n
30,Samsung SGH-Z400,t,cologne,Handy;\nBestandteile:\n- Gerät\n- Akku (gleich Deckel)\n- Aufladekabel\n- Datenkabel\n
24,HTC VPA compact GPS,t,cologne,Handy; WLAN-Unterstützung\n\nZubehör:\n   * Klappe\n   * Akku\n   * 4 Stifte !\n   * Stiftehalter\n   * Netzteil\n   * Tasche
10,Nokia N96,t,cologne,Das ausgemusterte Handy von Jörg; WLAN-Unterstützung;\nBestandteile:\n- Handy\n- Akku\n- Deckel\n- Datenkabel\n- Aufladekabel
50,Samsung V200,t,cologne,Handy
71,Samsung GT S8300,t,cologne,Handy. Funktioniert nur mit t-mobile-SIMs;\nBestandteile:\n- Gerät\n- Akku\n- Deckel\n- Datenkabel\n- Aufladegerät\n
55,Nokia 6230i,t,cologne,Handy Zubehör: \n\n- Klappe \n- Akku \n- Netzteil \n
86,Sony Ericsson P910i,t,cologne,Handy\n\nZubehör:\n\nDeckel\nAkku\nNetzteil
66,MDA I,t,cologne,PocketPC; WLAN-Unterstützung\n\nZubehör:\n   * PC-Station\n   * Netzteil
41,Motorola K1,t,cologne,Handy. Keine WLAN-Unterstützung.\n\nBlue-Box-Inhalt:\n- Phone\n- Akku\n- Deckel\n
38,Nokia 3510i,t,cologne,Handy\n\nZubehör:\n   1: Klappe\n   2: Akku\n   3: Netzteil
37,Nokia 6230,t,cologne,Handy\n\nZubehör:\n   1: Klappe\n   2: Akku\n   3: Netzteil
64,MDA Vario,t,cologne,Handy.\n\nZubehör:\n   1: Klappe\n   2: Akku\n   3: Netzteil\n   4: USB-Kabel\n   5: 2 Stifte\n   6: Hülle
91,Sony Ericsson W950i,t,cologne,Handy;\n\n\nZubehör:\n   * Datenkabel\n   * 2 Stifte (kaputt)\n   * Netzteil\n   * Akku mit Deckel
76,BlackBerry 8707v,t,cologne,Handy\n\nInhalt der Box:\n- Phone\n- Akku\n- Deckel\n- Aufladekabel
42,Nokia 6230i LIT,t,cologne,Handy\n\nInhalt der Box:\n- Handy\n- Deckel\n- Akku\n- Stromnetzkabel
54,Samsung SGH-U700,t,cologne,Handy\n\nZubehör:\n   * Akku\n   * Deckel\n   * Datenkabel\n   * Netzstecker
31,Nokia 6310i,t,cologne,Zubehör:\n   * Deckel\n   * Akku\n   * Netzteil
34,Nokia 6020 LIT,t,cologne,Handy
49,Samsung SGH-F700,t,cologne,Handy. Alias: Qbowl\n\nZubehör:\n   1: USB-Kabel\n   2: Ladegerät\n   3: Klappe\n   4: Akku
73,BlackBerry 7230,t,cologne,Handy;\n\nZubehör:\n1: Klappe\n2: Akku\n3: Handy\n4: Adapter\n
36,Nokia 5610,t,cologne,Handy\n\nZubehör:\n   * Datenkabel\n   * Deckel\n   * Akku
29,Nokia 6020,t,cologne,Handy\n\nZubehör:\n   * Akku\n   * Deckel\n   * 2x Netzteil
61,Pocket Web 1&1,f,cologne,PocketPC. Laut Karte steht das Gerät in der Vitrine
58,LG KU990,t,cologne,Handy
5,VideoWeb S500,t,cologne,Receiver\n\nBox:\n\n- Receiver\n- Fernbedienung
52,Samsung SGH-Z500,t,cologne,Handy.\n\nBlue-Box-Inhalt:\n- Phone\n- Deckel\n- Aufladekabel
87,Sony Ericsson T610,t,cologne,Handy
88,Sony Ericsson T630,t,cologne,Handy
97,Sony Ericsson Z1010,t,cologne,Handy
6,Nintendo Wii,t,cologne,Spielkonsole\n\nBox:\n\n- Konsole\n- Wii-Remote + Schutzhülle\n- Wii-Nunchuk\n- Konsolenstand + Fußplatte\n- Sensorleiste\n- Stromstecker\n- LAN - Adapter\n- SCART-Kabel\n- Audio- / Videokabel\n- Videokabel - Konsole
99,Sony Ericsson K600i,t,cologne,Handy
101,Elson Mobistel EL580,t,cologne,Handy
132,Falk activepilot,t,cologne,Bluetooth GPS Mouse\n\nPass: 0000
51,Samsung SGH-E700,t,cologne,Handy.\n\nBlue-Box-Inhalt:\n- Phone\n- Deckel
53,Samsung SGH-E840,t,cologne,Handy. Keine WLAN-Unterstützung.\n\nBlue-Box-Inhalt:\n- USB-Kabel\n- Ladegerät\n- Klappe\n- Akku\n
100,Siemens S68,t,cologne,Blue-Box-Inhalt:\n\n- Handy\n- Deckel\n- Akku\n- Aufladekabel
582,Palm Pre P160UEU,t,berlin,IMEI: 35582304001570901\nOS: HP webOS 2.1.1\nSeriennummer: W3UE16DB41FA
81,HTC Touch,t,cologne,Handy. Alias 'XDA Nova'  'HTC P3450'.\n\nZubehör:\n- Klappe\n- Akku\n- Stift\n- Datenkabel\n\nBemerkungen:\n   * WLAN-Unterstützung\n
148,HTC VPA Compact S,t,cologne,Smartphone; WLAN-Unterstützung; Das Handy ist mit dem Ladekabel vom MDA Compact (HID 56) aufladbar.\n\nBlue-Box-Inhalt:\n- Phone\n- Deckel\n- Akku\n- Stift
135,Motorola V300,t,cologne,Handy
136,Panasonic EB-GD87,t,cologne,Handy
112,Samsung GT-B7610,t,cologne,Handy  Alias Omnia Pro\n\nZubehör:\n- Klappe\n- Akku\n- Netzteil\n- USB-Kabel\n- Stift\n\nBemerkungen:\n   * WLAN-Unterstützung
127,SHARP LC19D1EBK AQUOS (3),t,cologne,Fernseher\n\nZubehör:\n- Fernbedienung
138,Samsung SGH-P400,t,cologne,Handy; Kompatible SIM-Karten: Vodafone (SID 3)\n\nBlue-Box-Inhalt:\n- Akku (Deckel)\n- Aufladekabel\n
105,Nokia X6,t,cologne,Handy.\n\nZubehör:\n   1: Klappe\n   2: Akku\n   3: Netzteil\n   4: USB-Kabel (kurz)\n\nBemerkungen:\n   * WLAN-Unterstützung
157,Nokia 6610,t,cologne,Handy; Kompatible SIM-Karten: O2 (SID 6)  Vodafone (SID 3)\n\nBlue-Box-Inhalt:\n- Phone\n- Deckel\n- Akku\n- Aufladekabel
114,Motorola Milestone,t,cologne,Handy.\n\nZubehör:\n - Deckel\n - Akku\n - Datenkabel\n - Netzadapter\n\nBemerkungen:\n   * WLAN-Unterstützung\n\nDARF NICHT AUF HÖHERE ANDROID VERSION AKTUALISIERT WERDEN ! REFERENZGERÄT
144,Sony Ericsson P800,t,cologne,Handy; Kompatible SIM-Karten: Vodafone (SID 4)\n\nBlue-Box-Inhalt:\n- Phone\n- Deckel\n- Akku\n- Aufladegerät
141,Sharp TM100,t,cologne,Handy\n\nZubehör:\n   * Akku\n   * Deckel\n   * Netzteil\n\nBemerkungen:\n   * Kompatible SIM-Karten: T-Mobile (SID 1)
125,SHARP LC19D1EBK AQUOS (1),t,cologne,Fernseher
45,Samsung SGH-D500,t,cologne,Handy\n\nZubehör:\n\nNetzteil\nAkku
563,Apple iPad Mini 2,t,berlin,iPad Mini 2 16 GB WiFi\n\nDisplaydiagonale\t7.9 Zoll (20 07 cm)\nDisplayauflösung\t2048 x 1536 Pixel\nDPI\t\t\t326\n\nSeriennr.:\t\tDQTLP255FCM8\nVersion:\t\tiOS 7.0.3\n\nUDID:\n\n-Ladegerät
126,SHARP LC19D1EBK AQUOS (2),t,cologne,Fernseher
153,Nokia 6210,t,cologne,Handy. Kompatible SIM-Karten: O2.\n\nBlue-Box-Inhalt:\n- Phone\n- Akku\n- Aufladekabel
158,Nokia 9300,t,cologne,Smartphone; Nokia Mastercode: 4536015433; Kompatible SIM-Karten: Vodafone (SID 3); Keine WLAN-Unterstützung\n\nBlue-Box-Inhalt:\n- Phone\n- Deckel\n- Akku\n- Aufladegerät
161,Samsung SGH-Z107,t,cologne,Handy; Kompatible SIM-Karten: T-Mobile (SID 1)\n\nZubehör:\n\n- Deckel (Akku)\n- Netzteil
107,Sony Ericsson Satio,t,cologne,Handy. Selbst ins Menü kommt man nur mit SIM Karte.\n\nBestandteile:\n- Klappe\n- Akku\n- Handy\n- Aufladekabel\n- Datenkabel\n
149,LG HB620T,t,cologne,Handy; Kompatible SIM-Karten: Vodafone (SID 3)
139,Nokia 6600 (2),t,cologne,Handy; Kompatible SIM-Karten: T-Mobile (SID 1)
120,Philips 32 PFL 9604H (2),t,cologne,Fernseher
111,Nokia N900,t,cologne,Handy; WLAN-Unterstützung\n\nZubehör:\n   * Stift\n   * Deckel\n   * Akku\n   * Aufladekabel
130,LG GD880,t,cologne,WLAN-Unterstützung\n\nZubehör:\n * Akku\n * Deckel\n * Ladekabel (USB)\n * Netzteil (USB)
116,Samsung S8000,t,cologne,Handy. Alias Jet; WLAN-Unterstützung;\nBestandteile des Geräts:\n- Gerät\n- Akku\n- Deckel\n- Aufladekabel\n- Datenkabel
113,HTC HD2,t,cologne,Handy Alias: Leo\n\nZubehör:\n   1: Klappe\n   2: Akku\n   3: Netzteil\n   4: Kabel\n\nBemerkungen:\n   * WLAN-Unterstützung
106,LG BL40 new chocolate,t,cologne,Handy.\n\nZubehör:\n   1: Klappe\n   2: Akku\n   3: Netzadapter\n   4: USB-Kabel
154,Nokia 3200,t,cologne,Handy; Kompatible SIM-Karten: Vodafone (SID 3)\n\nZubehör:\n   1: Klappe\n   2: Akku\n   3: Netzteil
140,Sharp GX10i,t,cologne,Handy; Kompatible SIM-Karten: Vodafone (SID 4)
119,Vodafone UMTS-Karte,t,cologne,UMTS-Karte (PCM/CIA) für Laptops incl. Antenne. Einwahl-Nr.: 8530450778404640173 Aktuelle Software hier downloaden: http://tinyurl.com/ykzds4\n\nBestandteile:\n- UMTS-Karte (PCM/CIA)\n- Antenne
142,Sony Ericsson P900,t,cologne,Handy; Kompatible SIM-Karten: Vodafone (SID 4)
143,Sony Ericsson K300i,t,cologne,Handy: Kompatible SIM-Karten: Vodafone (SID 4)
145,Siemens S65,t,cologne,Handy; Kompatible SIM-Karten: Vodafone (SID 4)
146,Samsung SGH-E800,t,cologne,Handy; Kompatible SIM-Karten: T-Mobile (SID 1); Das Handy ist mit dem Aufladekabel vom Samsung SGH-P400 (HID 138) aufladbar.
147,Sony Ericsson V600i,t,cologne,Handy; Kompatible SIM-Karten: Vodafone (SID 4)
155,Nokia 7370,t,cologne,Handy; Kompatible SIM-Karten: Vodafone (SID 3); Das Handy kann mit dem Ladekabel des Handys Nokia N73 (HID 21) aufgeladen werden.
156,Sagem myX-6,t,cologne,Handy; Kompatible SIM-Karten: O2 (SID 6)
160,Samsung SGH-E600,t,cologne,Handy; Kompatible SIM-Karten: T-Mobile (SID 1)
56,i-mate MDA Compact JAMin,t,cologne,Handy; WLAN-Unterstützung
65,MDA Pro Qtek 9000,t,cologne,Handy  PocketPC; WLAN-Unterstützung
109,Canon Powershot a95,t,cologne,Digitalkamera\n\nInfo: Befindet sich bei den Admins
110,Kodak Easyshare c813,t,cologne,Digitalkamera\n\nInfo: Befindet sich bei den Admins
124,Samsung GT-S8500 Wave(1),t,cologne,Testhandy; WLAN-Unterstützung
117,Apple iPod Touch (2),t,cologne,iOS 1.1.5 Referenzgeärt !!!! NICHT AKTUALISIEREN !!\n\n\nPocketPC. Firmware 1.1.5; WLAN-Unterstützung;\n\nBestandteile:\n- Gerät\n- Ladekabel
573,Jolla,t,cologne,Handy mit Sailfish OS\n\nIMEI: 359745050110201\n\nZubehör:\n   * Akku\n   * Deckel\n   * Netzadapter\n   * USB-Ladekabel
583,Samsung GT-I9100 (Samsung Galaxy S2) (4),t,cologne,Android-Smartphone\n\nBlue-Box-Inhalt:\n- Phone\n- Deckel\n- Akku\n- Stromnetzkabel\n\n\nSaschas Ex-Firmen-Handy
152,HTC Tornado Noble (Alias: VDA II)(2),t,cologne,Smartphone; Unterstützte SIM-Karten: Vodafonen (SID 3);\nWLAN-Unterstützung (jedoch ohne WPA2-Verschlüsselung)\nDas Handy kann man mit dem Aufladegerät des Geräts mit der HID 151.\n\n\nZubehör:\n\n- Phone\n- Deckel\n- Akku\n- Hülle
301,HTC Tattoo,t,berlin,IMEI: 358355021344508\nSeriennummer: HT9A6BG00518\nVersion: Android 1.6
164,Nokia 7250,t,cologne,Handy; Kompatible SIM-Karten: Vodafone (SID 3)
171,Samsung GT-I5700 (Galaxy Spica),t,cologne,Smartphone; WLAN-Unterstützung;\n\nZubehör:\n   * Deckel\n   * Akku\n   * Datenkabel (USB)\n   * Aufladekabel\n\n\nDARF NICHT AUF HÖHERE ANDROID VERSION AKTUALISIERT WERDEN ! REFERENZGERÄT
150,HTC VPA Compact,t,cologne,Smartphone; \n\nZubehör:\n   1: Klappe\n   2: Akku\n   3: Stift\n\nBemerkungen:\n   * WLAN-Unterstützung\n   * Das Handy ist mit dem Ladekabel vom MDA Compact (HID 56) aufladbar.
92,HTC Diamond,t,cologne,Handy; \n\nZubehör:\n   1: Klappe\n   2: Akku\n   3: Stift\n   4: Netzteil\n   5: Kabel\n\nBemerkungen:\n   * WLAN-Unterstützung
170,BlackBerry Curve 8520,t,cologne,Smartphone; WLAN-Unterstützung; \n\nBemerkungen:\nleichter Schattenfleck auf dem Display wenn man es seitlich kippt (aufgefallen 19.9.2011) markus\n\nBestandteile:\n- Handy\n- Deckel\n- Akku\n- Aufladekabel\n- Datenkabel
47,Nokia 6280,t,cologne,Handy.\n\nZubehör:\n   1: USB-Kabel\n   2: Ladegerät\n   3: Klappe\n   4: Akku
67,MDA III,t,cologne,PocketPC;\n\nZubehör:\n   1: Akku\n   2: Netzteil\n   3: Netzteiladapter\n   4: PC-Station\n   5: Stift (Nicht der originale)\n\nBemerkungen:\n   * WLAN-Unterstützung nicht für das 7valGuestLan\n   * Funktioniert nur mit T-Mobile Simkarten
74,Sony Ericsson C905,t,cologne,Handy.\n\nZubehör:\n   1: Klappe\n   2: Akku\n   3: Netzteil\n\n\nBemerkungen:\n   * WLAN-Unterstützung\n   * funktioniert nur mit Vodafone-Karte\n   
159,HTC Sonata,t,cologne,Smartphone; \n\nBemerkungen:\n   * Unterstützte SIM-Karten: Vodafonen (SID 3);\n   * Das Handy kann man mit dem Aufladegerät des Geräts mit der HID 151 aufladen.\n\nZubehör:\n   * Deckel\n   * Akku
79,BlackBerry 9500 Storm,t,cologne,Handy;\nBestandteile:\n- Deckel\n- Akku\n- Ladekabel(USB)\n\nInformationen:\n   * Funktioniert nur mit Vodafone-SIM (SID #3) bzw. einer Vodafone-SIM mit Blackberry-Option\n   * Kennwort: 8809\n\n
564,HTC One,t,berlin,IMEI: 354436050589421\nSeriennummer: FA33XW901692\nVersion: Android 4.2.2
83,LG KS20,t,cologne,Handy;\n\nBemerkungen:\n   * WLAN Unterstützung\n\nZubehör:\n   * Stift\n   * Netzteil\n   * Akku mit Deckel\n   * Tasche
95,Sony Ericsson X1i,t,cologne,Handy; WLAN-Unterstützung\n\nZubehör:\n- Akku\n- Deckel\n- Netzteil\n- USB-Kabel\n- Stift\n
98,Sony Ericsson K800i,t,cologne,Handy.\n\nZubehör:\n   1: Klappe\n   2: Akku\n   3: Kabel\n   4: Netzteil\n
72,HTC MDA Compact V,t,cologne,Handy.\n\nZubehör:\n   * Klappe\n   * Akku\n   * Netzteil\n   * Kabel(USB)\n   * Stift\n\nBemerkungen:\n   * WLAN-Unterstützung\n   * Ecke oben rechts abgebrochen (27.10.10 bemerkt von Markus)
63,BlackBerry Curve 8310 (2),t,cologne,Handy\n\nZubehör:\n   * Akku\n   * Deckel\n   * Netzteil\n   * Kabel
123,Kodak Zi8,t,cologne,Pocket-Videokamera.\n\nZubehör:\n   * HDMI Kabel\n   * Akku\n   * Deckel\n   * Stromadapter\n   * Strom2USB Kabel\n   * Audio Kabel\n   * 2GB SD\n   * 16GB SDHC
165,Nokia 6680,t,cologne,Kompatible SIM-Karten: Base;\n\nDas Handy kann mit dem Aufladekabel der Handys #37 und #164 aufgeladen werden.\n\nZubehör:\n\nDeckel\nAkku
26,Nokia E71,t,cologne,Handy;\n\nBemerkungen:\n   * WLAN-Unterstützung\n\nZubehör:\n   * Deckel\n   * Akku\n   * Datenkabel\n   * Netzteil
85,Nokia 5800 XpressMusic,t,cologne,Handy;\n\nBemerkungen:\n   * WLAN Unterstützung\n\nZubehör:\n   * Datenkabel\n   * Stift\n   * Netzteil\n   * Akku mit Deckel
169,Samsung GT-S8500 Wave(2),t,cologne,Smartphone; WLAN-Unterstützung;\nBestandteile:\n- Gerät\n- Deckel\n- Akku\n- Datenkabel\n- Aufladekabel\n\nBemerkungen:\n\n    * Kleine Risse am unteren Gehäuse-Rand\n
82,HTC G1,t,cologne,Handy. Alias Dream. \n\nZubehör:\n   1: Kabel\n   2: Klappe\n   3: Akku\n\nBemerkungen:\n   * SIM-Lock auf t-mobile. \n   * Android Betriebssystem. \n   * ACHTUNG: Das USB-Kabel muss vorsichtig behandelt werden. \n   * Anleitung: http://member.america.htc.com/download/web_materials/Manual/HTC_Dream/091210_Dream_HTC_Asia_English_UM.pdf;    \n   * WLAN-Unterstützung
89,Sony Ericsson P1i,t,cologne,Handy\n\nBlue-Box:\n\n- Handy\n- Akku\n- Deckel\n- Stift\n- Schutzhülle\n- Support-Karte\n- Kopfhörer\n- USB-Ladekabel\n- Netzkabel (2 x)\n- Dockingstation
22,Nokia 6600,t,cologne,Handy\n\nBestandteile:\n- Handy\n- Klappe\n- Akku\n- Aufladekabel\n- Hülle
173,Nokia N8,t,cologne,Smartphone. Unterstützt Wlan.\n\nBestandteile:\n- Handy\n- Aufladekabel\n- Datenkabel
168,HTC Desire,t,cologne,Smartphone;\n\nBemerkungen:\n   * WLAN-Unterstützung\n\nZubehör:\n  * Deckel\n  * Akku\n  * Datenkabel\n  * Stromnetzadapter\n
21,Nokia N73,t,cologne,Handy;\n\nBestandteile:\n- Akku\n- Deckel\n- Ladekabel\n\n\n
39,Motorola V3 Razr,t,cologne,Handy\n\nZubehör:\n- Klappe\n- Akku\n- Aufladekabel\n- Datenkabel\n\n\n\nBemerkungen:\n   * funktioniert nur mit der T-D1 Karte
19,Nokia 6300,t,cologne,Handy.\n\nZubehör:\n   * Deckel\n   * Akku
93,BlackBerry 8110,t,cologne,Handy. \n\nBemerkungen:\n   * Schlüsselspeicher-Kennwort für die Zertifikate: 7val.\n   * KEINE WLAN-Unterstützung\n   * Läuft sowohl mit Vodafone als auch mit T-Mobile-Karten\n\nZubehör:\n- Deckel\n- Akku\n- Netzteil
184,Nokia 2700c,t,cologne,Handy\n\nBestandteile:\n- Handy\n- Klappe\n- Aufladegekabel\n
391,Apple iPod 3G (3),f,berlin,
258,BlackBerry Playbook (2),t,cologne,Tablet 7 Zoll. WLAN wird unterstützt.\n\nZubehör:\n- Aufladekabel\n- Hülle
167,DELL Streak,t,cologne,Tablet-PC;\nAndroid 2.2.2\n\nZubehör:\n\n- Deckel\n- Akku\n- Datenkabel\n- Aufladegerät\n\n
379,Apple iPhone 4S (1) (16GB),t,berlin,IMEI: 013004002083001\nSeriennummer: DNQGK8VXDTD2\nVersion: iOS 5.1
183,Nokia X3-00,t,cologne,Handy\n\nBestandteile:\n- Handy\n- Klappe\n- Akku\n- Aufladekabel\n- Datenkabel
190,EKEN MID,t,cologne,Tablet\n\nBestandteile:\n- Aufladekabel\n\nGeräte-Header trifft nur einen generic Fallback. Richtiger Client wäre: EKEN M001;Open Handset Alliance Android OS 1.6;Open Handset Alliance Android Build-In 1.6
181,Sony Ericsson U5i (Vivaz),t,cologne,Smartphone; WLAN-Fähig (benötigt aber trotzdem SIM)\n\nBestandteile:\n- Handy\n- Klappe\n- Akku\n- Stift\n- Datenkabel\n- Stromnetzadapter\n
206,LG E900 Optimus 7,t,cologne,DARF NICHT AUF HÖHERE OS VERSION AKTUALISIERT WERDEN ! REFERENZGERÄT\n\nSmartphone. Windows Phone 7 Gerät. WLAN-Unterstützung.\n\nBlue-Box Inhalt:\n- Phone\n- Akku\n- Deckel\n- Datenkabel\n- Stromnetzadapter
177,Huawei U8220 (Pulse),t,cologne,Smartphone\n\nBestandteile:\n- Akku\n- Klappe\n- Aufladeadapter (Euro/USB)\n- Datenkabel (USB)\n
182,Samsung GT-S5230,t,cologne,Smartphone\n\nBestandteile:\n- Klappe\n- Akku\n- Aufladegerät\n- Datenkabel
178,Samsung SGH-F480i,t,cologne,Smartphone. Keine WLAN Unterstützung  SIM-Karte erforderlich.\n\nBestandteile:\n- Handy\n- Klappe\n- Akku\n- Datenkabel\n- Aufladegerät\n\n
197,Huawei E5 (1),t,cologne,Mobiler WLAN Hotspot.\nEinbindung von 5 Geräten möglich. HSUPA/HSDPA/UMTS 2100/900 MHz. EDGE/GPRS/GSM 1900/1800/900/850.\n\nZubehör\n- Deckel\n- Akku\n- Datenkabel\n- Netzteil (nicht original)
196,Google Nexus S,t,cologne,Smartphone\n\nWLAN Unterstützung. \n\nVorsicht: Das Gehäuse beim USB-Kabel [ miniUSB - Gehäuse ] ist etwas locker!!!\n\nBestandteile:\n- Handy\n- Klappe\n- Akku\n- Stromnetz-Adapter\n- USB Kabel\n- Silikon-Hülle
48,Nokia E60 (2),t,cologne,Handy Nr. 2 (Wir haben 2 Handys von diesem Modell)\n\nBestandteile:\n- Deckel\n- Akku\n- Aufladegerät\n
201,Palm Pre Plus,t,cologne,Smartphone. WLAN unterstützung.\n\nBestandteile:\n- Akku\n- Deckel\n- Ladekabel (USB)\n- Netzadapter
18,Nokia E61,t,cologne,WLAN UNterstützung\n\nHandy.\n\nZubehör:\n- Ladekabel\n- USB Kabel\n- Deckel\n- Akku
180,Nokia 6700c,t,cologne,Handy\n\nBestandteile:\n- Handy\n- Klappe\n- Akku\n- Aufladekabel\n- Datenkabel
185,Archos 9,t,cologne,Tablet; WLAN; Benutzer: devicemanagement; Computername: hera; Password: Asdfg123\n\nBestandteile:\n- Gerät\n- Akku\n- Engl. Netzadapter\n- Amerikanischer Netzadapter\n- Deutscher Netzadapter\n- Aufladegerät
186,WeTab 3G,t,cologne,Tablet;\n\nWeTaB Market Account\nVorname Sevenval; Nachname: Devicemanagement; Benutzername: devicemanagement; Password: Asdfg123\n\nBestandteile:\n- Tablet\n- Aufladegerät\n- Netz-Stecker zum Aufladegerät\n- Hülle\n
84,Sony Ericsson W810i,t,cologne,Handy\n\nBestandteile:\n- Handy\n- Akku\n- Deckel\n- Datenkabel\n- Aufladegerät
199,BlackBerry 9000 (3),t,cologne,Smartphone\n\nDas alte Firmenhandy von Peter.\n\nWLAN-Unterstützung.\n\nBestandteile:\n- Akku\n- Deckel\n- Aufladekabel\n- Datenkabel
59,Sony Ericsson K700i,t,cologne,Handy;\nBestandteile:\n- Gerät\n- Akku\n- Deckel\n\nAkku defekt. Neuer Bestellt (03.12.2010)\nAkku wurde ersetzt (03.01.2011).
151,HTC Tornado Noble (Alias: VDA II),t,cologne,Smartphone; Unterstützte SIM-Karten: Vodafone (SID 3)\nWLAN-Unterstützung ohne WPA2-Verschlüsselung.\n\nBlue-Box-Inhalt:\n- Phone\n- Deckel\n- Akku\n- Stromnetzkabel\n- Mini-USB-Kabel
195,BlackBerry Torch Slider 9800,t,cologne,Smartphone\n\nWLAN unterstützung.\n\nBestandteile:\n- Netzteiladapter\n- USB Datenkabel\n- Akku\n- Deckel\n
565,Nokia Lumia 620,t,cologne,Windows 8 - Smartphone.\nWLAN-Unterstützung.\n\nBlue-Box-Inhalt:\n- Phone\n- Deckel\n- Akku
27,Nokia N97,t,cologne,Handy; WLAN-Unterstützung;\n\nBestandteile:\n- Deckel\n- Akku\n- Datenkabel\n- Stift
191,HTC HD7,t,cologne,Smartphone\n\nBestandteile:\n- Klappe\n- Akku\n- Datenkabel\n- Netzadapter
202,HTC Wildfire,t,cologne,Smartphone. WLAN-Unterstützung.\n\nBestandteile-Zubehör:\n- Deckel\n- Akku\n- Ladekabel (USB)\n- Stromnetzstecker
194,Apple MacBook A1181,t,cologne,Notebook  Password für Admin: [leer]\niPhone/iPad-Simulator installiert.\n\nBestandteile:\n- Notebook\n- Netzadapter\n- Aufladegerät
204,Nokia E71 (2),t,cologne,Smartphone. Erwins altes Firmenhandy. WLAN-Unterstützung.\n\nInhalt der Box:\n- Phone\n- Akku\n- Deckel\n- Aufladekabel
176,BlackBerry Curve 8310 (3),t,cologne,Smartphone. Keine WLAN Unterstützung\n\nBestandteile:\n- Akku\n- Deckel\n- Datenkabel\n- Aufladekabel
217,Nokia E51,t,cologne,Smartphone. Das alte Dienst-Handy von den Admins\n\nBlue-Box-Inhalt:\n- Phone\n- Akku\n- Deckel\n
208,STROBL WebTube HD,t,cologne,Internet on HDTV.\n\nZubehör:\n- WebTube-Box\n- HDMI-Kabel\n- Stromnetzkabel\n- Fernbedienung
207,Apple iPad 2 (1),t,cologne,iOS 6.0.1 (6.0) Referenzgeärt !!!! NICHT AKTUALISIEREN !!\n\nTablet.\n\nZubehör:\n- USB-Kabel\n- Adapter\n- Stecker
193,BlackBerry 9000 (2),t,cologne,Smartphone.\nDas alte Firmen-Handy von Heiko Schwamb.\nKennword: 8809\n\nWLAN Unterstützung\n\nBestandteile:\n- Deckel\n- Akku\n- Netzteil
172,BlackBerry Curve 8900,t,cologne,Smartphone;Kennwort zum Entsperren: 8809;\nWLAN-Unterstützung\n\nBestandteile:\n- Deckel\n- Akku\n- Natzadapter\n- Datenkabel\n
203,BlackBerry 9780 Bold,t,cologne,Smartphone. WLAN-Unterstützung. \n\nBestandteile:\n- Deckel\n- Akku\n- Stromnetzkabel\n- Stromnetzstecker\n- Ladekabel (USB)
209,HP TouchPad,t,cologne,Tablet\n\nZubehör:\n- Tablet\n- Datenkabel\n- Adapter\n- Engl.-Stromnetz-Stecker
179,Samsung GT-I9000 (Galaxy S),t,cologne,Smartphone; WLAN\nAndroid 2.3.6\n\nBestandteile:\n- Klappe\n- Akku\n- Aufladegerät\n- Datenkabel
576,Samsung GT-S5690,t,cologne,Samsung Galaxy XCover. Smartphone. WLAN-Unterstützung. IMEI-Nr.: 354956053229477.\n\nBlue-Box-Inhalt:\n- Phone\n- Deckel\n- Akku\n- Ladekabel\n- USB-Kabel
392,Apple iPod 3G (4) (16GB),t,berlin,Seriennummer: 1A9298M6203\nVersion:iOS 3.1.2
210,BlackBerry Playbook,t,berlin,Tablet.\n- Von Kölner Gadget-o-thek an die Berliner übergeben.\n\nGreen-Box Inhalt:\n- Tablet\n- Datenkabel\n- Aufladegerät (us.)\n- Hülle\n- Stromnetzstecker (eu.)\n
240,Apple iPod Touch (3),t,cologne,iOS 4.2.1 (5.0.2) Referenzgeärt !!!! NICHT AKTUALISIEREN !!\n\nMP3-Player\nFirmware 4.2.1\nWLAN-Unterstützung\n\nBestandteile:\niPod (Modell MB528FD)\nLade-/Sync-Kabel\nSilikonhülle\n\nUDID: bc88ff391f2ff8b9edf338e79880e50d445e40cb\nMac-Adresse: 00:24:36:DC:4E:66\n\nSeriennummer: 1B903UYQ201\n\nDas Gerät weist starke Kratzer auf Vorder- und Rückseite auf.\n\nDas Gerät wird gerne für Jans BoomBox ausgeliehen.\n\nDie Einstellung der Lautstärke weißt leichte Probleme auf sich. [ Ton minimieren -&gt; Defekt ]\n=&gt; Michael Kirschbaum 
218,Nokia E60 (3),t,cologne,Smartphone. WLAN-Unterstützung.\n\nBlue-Box-Inhalt:\n- Phone\n- Deckel\n- Akku\n- Aufladegerät\n
404,HTC Touch Pro,f,berlin,
231,Samsung GT-I9100 (Samsung Galaxy S II),t,cologne,Smartphone. WLAN-Unterstützung\n\nBlue-Box-Inhalt:\n- Phone\n- Deckel\n- Akku\n- USB-Kabel\n- Stromnetzkabel
535,Nokia Lumia 800 (2),t,cologne,Smartphone. WLAN-Fähig.\nIMEI-Nr.: 359289047905027\n\nDas Phone hat multiple Funktionsstörungen und ist eigentlich nicht mehr verwendbar.\n\nBlue-Box-Inhalt:\n- Phone\n- Schutzhülle\n\nSIM-Fach- bzw. USB-Port-Schutzklappe fehlt.
410,Nokia 5310,f,berlin,
62,BlackBerry Curve 8310 (1),t,cologne,Smartphone. Keine WLAN-Unterstützung\n\nDas alte Firmenhandy von Tanja.\n\nBox-Bestandteile:\n- Klappe\n- Akku\n- Datenkabel (USB)\n- Aufladekabel\n
214,Amazon Kindle 3,t,cologne,eBook-Reader\n\nKarton-Inhalt:\n- ebook-Reader\n- USB-Aufladekabel\n
226,Sony Ericsson XPERIA Play,t,cologne,Smartphone und mobile Spielkonsole. WLAN-Unterstützung.\n\nBlue-Box-Inhalt:\n- Phone\n- Deckel\n- Akku\n- Datenkabel\n- Stromnetzstecker
230,Samsung GT-S8530 Wave II,t,cologne,Smartphone. WLAN-Untestützung.\n\nBlue-Box-Inhalt:\n- Phone\n- Aufladegerät\n- Akku\n- Deckel\n- Datenkabel
216,Motorola Xoom,t,cologne,Tablet\n\nBestandteile:\n- Tablet\n- Datenkabel\n- Stromnetzstecker\n- Netzteil\n- Hülle
566,Palm Pre (2),t,cologne,Das Palm Pre von Yasemin K. \n\nFirmware: webOS/1.4.5; \nWLAN-Unterstützung;\n\nBestandteile:\n- Akku\n- Deckel\n- Phone
212,Kyocera M9300,t,cologne,Smartphone mit zwei Touchscreens.\n\nINFO: Das Gerät lässt sich nur per Stromnetzstecker aufladen.\n\nVORSICHT: Beim Öffnen des zweiten Touchscreens keine Gewalt verwenden  da diese Konstruktion des Geräts keine hohe Langlebigkeit aufweist.\n\nBlue-Box Inhalt:\n- Phone\n- Deckel\n- Akku\n- Datenkabel\n- Stromnetzstecker (us.)\n- Stromnetzstecker (eu.)\n\n
3,AVM Fritz 8040,t,cologne,Fritz!-Box\n\nBox:\n\n- Receiver\n- Fernbedienung\n- SCART-Kabel\n- Stromnetzteil\n\nWLAN/LAN\n\nUm zum Browser zu kommen:\n   * Im Menü -&amp;amp;amp;gt; Einstellungen -&amp;amp;amp;gt; Geräteeinstellungen.\n   * Im Setupmenü des Mediencenters.\n      * Play 4711 Play
225,Sony Ericsson Elm,t,cologne,Feature-Phone. WLAN-Unterstützung. SIM-Karte erforderlich.\n\nBlue-Box-Inhalt:\n- Phone\n- Deckel\n- Akku\n- Aufladekabel\n- Tasche
414,Nokia 7610 Supernova,f,berlin,
131,HTC Legend,t,cologne,Handy\n\nZubehör:\n   1: Klappe\n   2: Akku\n   4: Netzteil (USB)\n   5: USB-Kabel\n\n\nBemerkungen:\n   * WLAN-Unterstützung\n   * Kleine Delle hinten über den Deckel (14.07.2011) nach Eingangsbestätigung v. Philipp Boue.
9,VideoWeb 600S,t,cologne,Receiver\n\nBox:\n\n- Receiver\n- Fernbedienung\n- HDMI - Kabel\n\nHinweis:\nEigene Internetseiten können über eine angeschlossene Tastatur aufgerufen und getestet werden.\nDrücken Sie hierfür bitte Strg+ALT+g (Windows) oder ctrl+g (Mac).\nSie können nun Ihre eigene URL eingeben. Um die Adressleiste wieder zu schließen  löschen Sie die eingegebene URL und drücken Sie ENTER.
228,HTC ChaCha,t,cologne,Smartphone. WLAN-Unterstützung.\n\n- Phone\n- Deckel\n- Akku\n- Datenkabel\n- Stromnetzstecker
215,Nintendo 3DS,t,cologne,Mobile Spielkonsole\n\nBlue-Box Inhalt:\n- Mobile Spielkonsole\n- Aufladekabel\n- Aufladestation\n- Stift
232,SHARP LC19D1EBK AQUOS (4),t,cologne,Fernseher.\n\nZubehör:\n- Fernbedienung
233,BlackBerry 9900,t,cologne,Smartphone. WLAN-Unterstützung.\nPIN-Nr.: 28185B4D\nIMEI-Nr.: 356841.04.172617.2\nBlackBerry App World Account-Daten siehe: https://ticket.office.sevenval.de/projects/infos/wiki/Gadgetothek_ixxx_devices_WP7_Market\n\nBlue-Box-Inhalt:\n- Phone\n- Deckel\n- Akku\n- USB-Kabel\n- Stromnetzstecker
46,Motorola V8,t,cologne,Handy. Keine WLAN Unterstützung.\n\nBlue-Box-Inhalt:\n- Phone \n- Deckel\n- Akku\n- Aufladekabel
220,LG Optimus Black,t,cologne,Das alte Firmenhandy von Cornelia.\n\nInhalt:\n- Phone\n- Deckel\n- Akku\n- Datenkabel\n- Stromnetzstecker\n- Hülle\n\n
234,Nokia E72,t,cologne,Smartphone. WLAN-Unterstützung\n\nBlue-Box-Inhalt:\n- Phone\n- Deckel\n- Akku\n- Aufladekabel\n- Datenkabel
32,Sony Ericsson W880i,t,cologne,Handy. Keine WLAN-Unterstützung\n\n\nBestandteile:\n- Handy\n- Akku\n- Klappe\n- Aufladekabel\n- Datenkabel
77,Palm Treo,t,cologne,Handy\n\nBlue-Box-Inhalt:\n- Ladekabel
122,Apple iPad 1,t,cologne,iOS 3.2 (4.0.4) Referenzgeärt !!!! NICHT AKTUALISIEREN !!\n\nDas zweite iPad von 7val. Netwerkkompatibilität: WLAN. UDID: 4275efb78e76aacf58f1457bc8514e642fa3e907\n;\nBestandteile:\n- Gerät\n- Adapter\n- Adaptermodul (USB)\n- Datenkabel\n- Hülle
235,Apple iPad 1 (16GB),t,cologne,iOS 5.1.1 (5.1) Referenzgeärt !!!! NICHT AKTUALISIEREN !!\n\nTablet. WLAN-Unterstützung\n\n- Tablet\n- Hülle\n- Datenkabel\n- Stromnetzstecker\n- Adapter
399,LG E900 (Optimus 7),t,berlin,IMEI: 354042041468392\nSeriennummer: 011KPVH146839\nVersion: WP 7.8
211,Apple iPad 1 - 3G (3) (32GB),t,cologne,iOS 5.1 (5.1) Referenzgeärt !!!! NICHT AKTUALISIEREN !!\n\nTablet\n\nBlue-Box-Inhalt:\n\n- Datenkabel\n- Stromnetz-Adapter\n- Stromnetzstecker\n- Hülle\n
68,Apple iPhone (1),t,cologne,iOS 3.1.3 (4.0) Referenzgeärt !!!! NICHT AKTUALISIEREN !!\n\nEplus Karte funktioniert nicht; WLAN-Unterstützung; \nUDID: a719938c48baca5fb10de919971c536d7ae4d4e7\n\nBlue-Box-Inhalt:\n- Ladekabel\n\nIn der Ecke oben rechts auf dem Display hat das Display eine Fläche voller Pixelfehler. Aufgefallen SebastianT. Hat das Gerät für Jonathan (der es gebucht hat) abgeholt - 28.6.2011 09:26 Markus
222,HTC Flyer,t,cologne,Tablet\n\nBlue-Box-Inhalt:\n- Tablet\n- Deckel\n- Aufladegerät\n- Stift\n- Datenkabel\n- Hülle\n
241,HTC Titan,t,cologne,Smartphone. WLAN-Unterstützung.\n\nBlue-Box-Inhalt:\n- Phone\n- Deckel\n- Akku\n- Datenkabel\n- Stromnetzstecker
253,HTC One X,t,cologne,Android 4.1.1\n\nBlue-Box-Inhalt:\n\n- Phone\n- USB-Kabel\n- Stromnetzstecker\n- SIM-Fach-Öffner
243,Huawei IDEOS X3,t,cologne,Smartphone. WLAN-Unterstützung.\n\nBlue-Box-Inhalt:\n- Phone\n- Deckel\n- Akku\n- Datenkabel\n- Stromnetzstecker
248,Amazon Kindle Fire,t,cologne,E-Book Reader.\n\nZubehör:\n- Aufladekabel\n- EU-Stromnetz-Adapter
254,Apple iPhone 4S (4) (16GB) schwarz,t,cologne,Smartphone. WLAN-Unterstützung.\n\nSeriennummen: DNRHFLUZDTC0\nUDID: ca2a6b461382effc8bb405e5cc804545c0d78eb1\n\n\nBlue-Box-Inhalr:\n- Phone\n- Datenkabel\n- Stromnetzstecker\n- SIM-Fach-Öffner\n
129,Apple iPhone 4(1),t,cologne,Das Gerät darf auf KEINEN FALL Aktualisiert werden !!! REFERENZGERÄT\n\nHandy; WLAN-Unterstützung;\nUDID: a2938820c7a064aa00b696de0a2b88db35430a96;\nIMEI: 012417002448555\n\nBestandteile:\n- Handy\n- Ladekabel\n\n\nHandy ist an Henning ausgeliehen. Dieser hat es an Wilhelm weitergegeben. Dort soll es vom Tisch verschwunden sein.\n\nDas verschwundene Phone wurde durch ein neues ersetzt.\n\nDas Gerät ist wieder aufgetaucht und unter seiner alten HID 129 im Einsatz.
245,BlackBerry Curve 8900 (3),t,cologne,Smartphone. WLAN-Unterstützung\nDas alte Firmenhandy von Guido Kaltwasser.\n\nBlue-Box-Inhalt:\n- Phone \n- Deckel\n- Akku\n- USB-Datenkabel\n
188,Samsung GT-I8700 Omnia 7,t,cologne,Smartphone\n\nBestandteile:\n- Akku\n- Deckel\n- Datenkabel\n- Aufladekabel\n\nHistorie:\nDas Handy wurde zurückgeschickt  weil das Display wackelte.\nHandy wurde nach Reparatur wieder im Einsatz (03.01.2011). \n
246,Samsung GT-S8600 Wave 3,t,cologne,Smartphone. WLAN-Unterstützung. (Betriebssystem Bada 2.0).\n\nBlue-Box-Inhalt:\n- Phone\n- Deckel\n- Akku\n- Aufladekabel\n- Datenkabel\n
247,Tee- bzw. Kaffeekanne,t,cologne,Formschöne Tee-/Kaffeekanne mit gelbem Griff.\n\nZubehör:\n\n- bronzefarbene Patina (bitte nicht spülen  das MUSS so sein!)
255,Apple iPhone 4S (5) (16GB) schwarz,t,cologne,Smartphone. WLAN-Unterstützung.\n\nBlue-Box-Inhalr:\n- Phone\n- Datenkabel\n- Stromnetzstecker\n- SIM-Fach-Öffner\n
257,Apple iPad 3 4G (2),t,cologne,Tablet. WLAN-Unterstützung.\n\nZubehör:\n- Datenkabel\n- Stromnetzstecker\n- Adapter\n- SIM-Fach-Öffner\n
262,D-Link BOXEE BOX,t,cologne,TV-Media-Box\n\nZubehör:\n- D-Link Boxee - Box\n- Netzteil\n- Stromnetzstecker (EU)\n- HDMI-Kabel\n- Fernbedienung\n
260,Sony XPeria S,t,cologne,Smartphone. WLAN-Unterstützung.\n\nBlue-Box-Inhalt:\n- Phone\n- Deckel\n- Datenkabel\n- Stromnetzstecker\n
567,Alcatel One Touch Fire,t,cologne,Smartphone. WLAN-Unterstützung.\n\nBlue-Box-Inhalt:\n- Phone\n- Deckel\n- Akku\n- USB-Datenkabel\n- Stromnetzstecker\n
259,Samsung GT-I9300 (Samsung Galaxy S III),t,cologne,Smartphone. WLAN-Unterstützung.\n\nBlue-Box-Zubehör:\n- Phone\n- Deckel\n- Akku\n- USB-Datenkabel\n- Stromnetzstecker
252,Logitech Revue (Google TV),t,cologne,WebTV-Box.\n\n\nZubehör:\n- Tastatur\n- HDMI-Kabel\n- Stromnetzkabel (engl.)\n- Stromnetzkabel (eu)\n- Stromversorgungsnetzteil
175,Apple iPhone 4(2),t,cologne,Smartphone; WLAN-Unterstützung;\n\nBestandteile:\n- Datenkabel\n- Stromnetzadapter\n- SIM-Fach-Öffner\n\nMailaccount: \nName: Sevenval Fitml\nAdressen: fitml@hotmail.de  \nPasswort: Asdfg123\n\nUnique Device Identifier: \n90fc1e3839b399af7ff16acf3a82687fa7830abb\n
251,Apple iPad 3 4G (1),t,cologne,iOS 7.1.1 Referenzgeärt !!!! NICHT AKTUALISIEREN !!!\n\nTablet. WLAN-Unterstützung.\n\nZubehör:\n- Datenkabel\n- Stromnetzstecker\n- Adapter\n- SIM-Fach-Öffner
4,AVM Fritz 8260,t,cologne,Fritz!-Box\n\nBox:\n\n- Receiver\n- Fernbedienung\n- HDMI - Kabel\n- Stromnetzteil\n\n\n\nFritz Box 2. Zum eingeben einer URL folgende Tastenkombination eintippen per Fernbedienung: Setup-Knopf  Play-Knopf  1  2  3  4.
503,HTC Windows Phone 8x,t,berlin,HTC Windows Phone 8x\nOS: 8.0.0.10211.204\n\nBildschirmauflösung: 720x1280 4.3 Zoll (10 92 cm)\nPixeldichte\t342 ppi (Pixel/Zoll)\n\nChipsatz\t  Snapdragon S4  Cortex A15\nHauptprozessor\t  Dualcore ARM Cortex A9\nTaktrate\t  2 x 1500 Megahertz\nRAM\t          1024 Megabyte\nSpeicher (intern) 16 GB\n\n\nIMEI:353569051962816\nMAC-Adresse:BC-CF.CC-A1-C5-F8
133,Apple iPad 1 - 3G (2) (32GB),t,cologne,iOS 5.1.1 (5.1) Referenzgeärt !!!! NICHT AKTUALISIEREN !!\n\nPC-Tablet;\n\nBestandteile:\n- Netzadapter\n- Datenkabel (USB)\n- Hülle\n\nBemerkugen:\n   * WLAN-Unterstützung\n   * Das Zubehör des iPads wird in einer blauen Box\n   * SIM-FACH-Öffner fehlt. (25.04.2012 - Uhrzeit: 13:42)\naufbewahrt.
239,Apple iPhone 4 (16GB),t,cologne,iOS 6.1 (6.0) Referenzgeärt !!!! NICHT AKTUALISIEREN !!\n\nSmartphone.\n\nNeue UDID: 1f50a70adbd808809b591d6238c864f943ae1eaf\nNeue IMEI Nr.: 012753001661990\n\nBlue-Box-Inhalt:\n- Phone\n- Ladekabel
70,Apple iPhone 3G 8GB (2),t,cologne,iOS 4.0 (4.0.5) Referenzgeärt !!!! NICHT AKTUALISIEREN !!\n\nHandy. \n\nRiss im hinteren/oberen Gehäusedeckel\n\nZubehör:\n   1: Kabel\n\nBemerkungen:\n   * Firmware iOS 4.0\n   * UID: cc7e114fd0613a8cb60f8f642521ee4989c0f835;    \n   * WLAN-Unterstützung\n   * Android 2.2 über Bootloader\n
388,Apple iPod 1G (1) (8GB),t,berlin,Seriennummer: 1C8026HS14N\nVersion:iOS 3.1.3
244,Google Nexus S (2),t,cologne,Android 4.1.2\n\nSmartphone (Android). Das alte Firmenhandy von Sebastian Wientzek\n\nBlue-Box-Inhalt:\n- Phone\n- Deckel\n- Akku\n- Aufladekabel\n- Datenkabel
249,Google Galaxy Nexus,t,cologne,Smartphone. WLAN-Unterstützung.\nAndroid 4.3\n\nACHTUNG: AUF KEINEN FALL UPDATEN!\n\nBlue-Box-Inhalt:\n- Phone\n- Deckel\n- Akku\n- USB-Kabel\n- Stromnetzadapter
242,Samsung Note,t,cologne,Derzeit ist der Akku defekt. Ein neuer ist geordert.\n\nTablet. WLAN-Unterstützung\n\nBlue-Box-Inhalt:\n- Tablet\n- Deckel\n- Akku\n- Datenkabel\n- Stromnetzstecker\n- Stylus
250,Nokia Lumia 800,t,cologne,Smartphone. WLAN-Unterstützung.\n\nBlue-Box-Inhalt:\n- Phone (türkis)\n- Datenkabel\n- Stromnetzstecker\n- schwarze Schutzhülle\n\n\nDas Handy gehörte dem Roland. \nDas Handy von Roland wurde durch ein neues in der Gadget-O-Thek ersetzt.
174,Samsung GT-P1000 (Galaxy Tab),t,cologne,Tablet. Leihgerät bis 31.12.2010.\n\nBastandteile:\n- Geräte\n- Datenkabel\n- Netzadapter\n
229,Apple iPod Touch 4G (1),t,cologne,iOS 6.1.3 (6.0) Referenzgeärt !!!! NICHT AKTUALISIEREN !!\n\nAltes Gerät von der Sevenval Entwicklungsabteilung\n\nZubehör:\n- Device\n- Aufladekabel\n\nUnique Device Identifier: \n37b6782101bd8f02a66b9fee9f66ec41a0d345d8
265,BlackBerry 9700 Bold (3),t,cologne,Smartphone. WLAN-Unterstützung. Das Alte Dienst-Phone von den Admins.\n\nBlue-Box-Inhalt:\n- Phone\n- Deckel\n- Akku\n- Datenkabel
283,Apple iPad Mini,t,cologne,iOS 7.1 (7.0) Referenzgerät !!!! NICHT AKTUALISIEREN !!\n\nEntsperrungscode: 8809\n\nTablet. WLAN-Unterstützung.\nSerien Nr.: F4KJN8CFF193\nUDID: e752e5d9cc3d7ac4f07368b14446490f48809a8a\n\nBox-Inhalt:\n- Tablet\n- Stromnetzstecker\n- Ladekabel
270,Samsung GT-I9100 (Samsung Galaxy S II) (3),t,cologne,REFERENZGERÄT !!!! NICHT UPDATEN\n\nSmartphone. WLAN.\n\nBlue-Box-Inhalt:\n- Phone\n- Deckel\n- Akku\n- Aufladekabel\n- USB-Datenkabel
281,Microsoft Surface,t,cologne,Tablet mit Windows 8 RT (ARM-Architektur) und WLAN.\n\nSeriennummer: 023894224452 EC\n\nAnmelde-PIN: 8809\nPasswd: Asdfg123\n\n\nZubehör:\nLadegerät mit Eurostecker\nKurzanleitung
279,Google Nexus 7 (8 GB),t,cologne,Tablet. WLAN-fähig.\n\nAndroid 4.4.2 - KitKat\n\nSeriennummer: C90KBC067726\n\nBox-Inhalt:\n- Tablet\n- USB-Ladekabel\n- Stromnetzstecker\n
277,Apple iPad 4,t,cologne,iOS 7.1 (7.0) Referenzgerät !!!! NICHT AKTUALISIEREN !!\n\nEntsperrungscode: 8809\n\nTablet 10 Zoll. WLAN UNterstützung.\n\nSerien-Nr.: DMPJFHNXF185\nUDID-Nr.: 9e5ed1dafbbdafab1cce415823290669b8c1852f\n\nBox-Inhalt:\n- Tablet\n- USB-Ladekabel\n- Stromnetzstecker\n- Stromnetzstecker-Adapter\n
271,Samsung GT-I9300 (Samsung Galaxy S III) (2),t,cologne,Smartphone. WLAN.\n\nBlue-Box-Inhalt:\n- Phone\n- Akku\n- Deckel\n- Ladekabel\n- Stromnetzstecker\n
286,HTC Windows Phone 8X,t,cologne,IMEI: 353569054269847\nS/N: HT2ATW603354\nSIM-Fach-Öffner vermisst seit 14.01.2013 (v. Sebastian Thielen)\n\nZubehör:\n * Strom2USB Adapter\n * USB Kabel\n
275,Amazon Kindle Fire HD,t,cologne,Tablet. WLAN.\n\nBox-Inhalt:\n- Tablet\n- Ladekabel\n
273,Apple iPhone 5 (16GB) (3),t,cologne,iOS 6.1.4 (6.0) Referenzgerät !!!! NICHT AKTUALISIEREN !!\n\nSmartphone. WLAN.\n\nSeriennummer: C38JHEEDDTWD\nUDID: 2001875559c482396fb28ea6592940a66dae831c\n\nBlue-Box-Inhalt:\n- Phone\n- Datenkabel\n- Stromnetzstecker\n- SIM-Fach-Öffner
268,Google Galaxy Nexus (2),t,cologne,Smartphone. WLAN.\n\nACHTUNG: BITTE NICHT UPDATEN!\n\nBlue-Box-Inhalt:\n- Phone\n- Deckel\n- Akku\n- Ladekabel\n- Stromnetzstecker
267,HTC Desire (2),t,cologne,Mareike hat es als Firmengerät\n\nSmartphone. WLAN.\n\nBlue-Box-Inhalt:\n- Phone\n- Deckel\n- Akku\n- Ladekabel\n- Stromnetzstecker
276,Motorola Pro+,t,cologne,Smartphone. WLAN-Fähig.\n\nIMEI-Nr.: 35895604006928\n\n\nBlue-Box-Inhalt:\n- Phone\n- Deckel\n- Akku\n- Micro-USB-Datenkabel\n- Stromnetzstecker
278,LG Smart TV SP820,t,cologne,TV-Box\n\nInhalt:\n- TV-Box\n- Fernbedienung\n- Stromnetzstecker-Kabel\n- Stromnetz-Adapter
568,Google Nexus 5 (32 GB),t,cologne,Smartphone. \nWLAN-Unterstützung.\n\nIMEI-Nr.: 358240-05-214676-8\n\nBlue-Box-Inhalt:\n- Phone \n- Stromnetzstecker\n- USB-Kabel\n- SIM-Fach-Öffner
285,Apple iPhone 5 (32GB) (4),f,cologne,Smartphone. WLAN-Unterstützung.\niPhone für die PM-Abteilung: Peter Michael Bayer\n\nSeriennummer: DNQJPP3DDTWG\nIMEI: 013411001931819\nUDID: 226c208e4abc798e49b7dca8ce53cc339c1a5140\n\nBox-Inhalt:\n- Phone\n- Stromnetzstecker\n- Datenkabel\n- SIM-Fach-Öffner\n- Kopfhörer\n
2,Desktop PC (Windows 8),t,cologne,Hardware wurde kompett ersetzt und die HID wiederverwendet.\n\nDas Gerät steht Einsatzbereit beim Device Management. Wer mag darf da dran.\n\nWindows 8\nWindows Phone 8 SDK
269,Samsung GT-I9000 (Galaxy S) (2),t,cologne,Smartphone. WLAN.\n\nDas Ladegerät wird recht Warm (Bemerkt von Seb. T. 5.12.12)\n\nBlue-Box-Inhalt:\n- Phone\n- Deckel\n- Akku\n- Aufladegerät\n- USB-Kabel
282,Microsoft Surface (2),f,cologne,Tablet mit Windows 8 RT.\nWLAN-Unterstützung.\nSeriennummer: 011437524452 EC\nSales-Device.\n\nLokales Konto:\nWurst\n123\n\nZubehör:\n- Tablet\n- Tastatur\n- Stromnetzstecker\n- Ladekabel
389,Apple iPod 2G (2),f,berlin,
287,BlackBerry 9780,t,cologne,Ehemailige Firmengerät von Erwin\n\nZubehör:\n* Deckel\n* Akku\n* Usb Kabel
266,Apple iPhone 5 (16GB),t,cologne,iOS 6.1.4 (6.0) Referenzgeärt !!!! NICHT AKTUALISIEREN !!\n\nSmartphone. WLAN -Unterstützung\n\nUDID: 11e528f459a4b0e5b262900e9fbc34a1ee861f43\n\nBlue-Box-Inhalt:\n- Phone\n- Ladekabel (nicht in der Box. Ein Neues ist bestellt) Markus 29.10.2012; Das Kabel ist eingetroffen  Dimi 13.11.2012\n- Stromnetzstecker\n- SIM-Fach-Öffner
272,Apple iPhone 5 (16GB) (2),t,cologne,iOS 7.1 (7.0) Referenzgerät !!!! NICHT AKTUALISIEREN !!\n\nSmartphone. WLAN.\n\nSeriennummer: C38JHDTJDTWD\nUDID: 8fc8e643d0468d688e97ee04bf8a745a12c59481\n\nBlue-Box-Inhalt:\n- Phone\n- Datenkabel\n- Stromnetzstecker\n- SIM-Fach-Öffner
280,Samsung GT-P5110 (Galaxy Tab 2),t,cologne,REFERENZGERÄT !!!! NICHT UPDATEN\n\nSamsung Galaxy TAB 2 (Tablet 10.1 Zoll)\n\nBox-Zubehör:\n- Tablet\n- USB-Ladekabel\n- Stromnetzstecker
299,HTC Nexus One,f,berlin,
284,Nokia Lumia 920,t,cologne,IMEI: 354149051079504\n\nWenn es mal nix mehr tut...\nEin Laaaaaaanges drücken auf Volume - UND Power belebt es wieder (hab bestimmt 1 Minute gedrückt)\n\nZubehör:\n* Strom2Usb Adapter\n* USB Kabel\n* Simfach Öffner
297,HTC Flyer (1) (Tab),t,berlin,IMEI: 354672040701169\nSeriennummer: HT15ST403518\nVersion: Android 2.3.3\nLadegerät: NT 01\nUSB Datenkabel: USB 01
295,HTC Desire HD (2),t,berlin,IMEI: 356299045392873\nSeriennummer: HT11DRX20860\nVersion: Android 2.2.1
274,Apple iPod Touch 5G,t,cologne,WLAN.\n\nUDID: 7d18b598d5d3733db0b7d4f66ba8f696d92cc57b\nSerien Nr.: CCQJH7YXDJFD\n\nBlue-Box-Inhalt:\n- iPod\n- Ladekabel\n\nDevice von der FITML Produktentwicklung\n\nMailaccount: \nName: Sevenval Fitml\nAdressen: fitml@hotmail.de  \nPasswort: Asdfg123
393,HTC 7 Mozart (1),t,berlin,IMEI: 352629040237356\nSeriennummer: HT0ALRP01750\nVersion: WP 7
373,Apple iPhone 4 (5) (16GB),t,berlin,IMEI: 012417007831490\nSeriennummer: 7T0348XHA4S\nVersion: iOS 7.0.3
321,Samsung Google Nexus S (2),t,berlin,IMEI:355921040145631\nSeriennummer: 3930F3DA37CE00EC\nVersion: Android 4.1.2
325,Asus Transformer Prime TF201 (Tab),t,berlin,Seriennummer: BCOKAS169358\nVersion: Android 4.1.1\nLadegerät: NT05
318,Samsung Galaxy SIII (1) GT-I9300,t,berlin,IMEI:351869055108032\nSeriennummer: R31C5113LBD\nVersion: Android 4.1.1\n\nDisplay:4.8 Zoll (12 19 cm) 1280 x 720 Pixel
401,Nokia Lumia 800,t,berlin,IMEI: 351682059800714\nSeriennummer: \nVersion: WP 7.5
382,Nokia E7,t,berlin,IMEI: 354864042759937\nSeriennummer: 059116M4CS056B\nVersion: Symbian^3
332,Blackberry 8310,t,berlin,IMEI: 354005.02.685024.9\nVersion: RIM 4.5
378,Nokia C7,t,berlin,IMEI: 355960042795290\nSeriennummer: \nVersion: Symbian^3
349,Apple iPad 1 (6) (16GB16 GB  WiFi+3G) (3G),t,berlin,IMEI: 01 24360 958337 0\nSeriennummer: GB104HF3A90\nVersion: iOS 4.2.1
331,Samsung Galaxy Tab 2 7.0 GT-P3110 (Tablet 1),t,berlin,Seriennummer: R32C6000R7T\nVersion: Android 4.0.3\nLadegerät: NT 08
335,BlackBerry 8800 TMobile,t,berlin,IMEI:354672017753920\nSeriennummer:\nVersion: RIM 4.5
341,Blackberry 9700,t,berlin,Modell: Bold 2\nIMEI: 354256048487110\nOS: 6.0
343,Apple iPad 1 (1) (32GB  WiFi),t,berlin,Seriennummer: GB014W1CZ39\nVersion: iOS 5.1
369,Apple iPhone 4 (2) (16GB),t,berlin,IMEI: 012339007466947\nSeriennummer: 86024K6AA4S\nVersion: iOS 5.1.1
350,Blackberry 9800 (Qwerty-Sperre),t,berlin,Modell: Torch\nIMEI: 353490042004487\nOS: 6.0
348,Apple iPad 1 (5) (16GB WiFi+3G),t,berlin,IMEI: 01243600 765126 0\nSeriennummer: GB104GCEA90\nVersion: 4.3.2
302,HTC T-Mobile G2 Touch,t,berlin,IMEI:357988021769117\nSeriennummer: HT98RL901934\nVersion: Android 1.5
326,Acer Iconia Tab A500,t,berlin,IMEI:\nSeriennummer: 11808374515\nVersion: Android 3.2.1\nLadegerät: NT03
362,Apple iPhone 3GS (3) (16GB),t,berlin,IMEI: 011984003230135\nSeriennummer: 85941E1V3NP\nVersion: IOS 3.1.3
375,Apple iPhone 4 (7) (16GB),t,berlin,IMEI: 012420005316571\nSeriennummer:81035L8CA4S\nVersion:iOS 7.0.2
357,BlackBerry 9860,t,berlin,Modell: Torch\nOS: 7.0\nIMEI: 356838041404156
361,Blackberry 9900,t,berlin,Modell: Bold 3\nOS: 7.0\nIMEI: 356841041725059
344,Apple iPad 1 (2) (16GB),f,berlin,IMEI: 012224006830279\nSeriennummer: GB027L67A90\nVersion: iOS 3.2
359,Apple iPhone 3G (2) (8 GB),t,berlin,IMEI: 011714002801101\nSeriennummer: 85834DKGY7H\nVersion: iOS 4.2.1
324,SonyEricsson Xperia X8,t,berlin,IMEI: 012560006916604\nSeriennummer: \nVersion: Android 2.1.1
337,Blackberry 9105,t,berlin,Modell: Pearl 3G\nOS: 5.0\nIMEI: 351974043168294
338,Blackberry 9300,t,berlin,Modell: Curve 3G\nOS: 5.0\nIMEI: 35387204844493
360,Apple iPhone 3G (3) (16GB),t,berlin,IMEI: 011809003441780\nSeriennummer: 88917ULUY7K\nVersion: iOS 4.1
320,Samsung Google Nexus S,t,berlin,IMEI: 355921040153270\nSeriennummer: R2BB272407E\nVersion: Android 4.1.2
345,Blackberry 9780,t,berlin,Modell: Bold\nOS: 6.0\nIMEI: 354262043773926
368,Apple iPhone 4 (1) (16GB),t,berlin,IMEI: 012339004634455\nSeriennummer: 84023AJTA4S\nVersion: iOS 6.1.3\nNur W-Lan
339,Blackberry 9500 (3G),t,berlin,Modell: Storm\nOS: 4.7\nIMEI: 359484028942467
377,Apple iPhone 4 (9) (16GB),t,berlin,IMEI: 012419000279784\nSeriennummer: 81035UD1A4S\nVersion: iOS 4.3.3
328,Motorola Xoom MZ601 (Tablet),f,berlin,IMEI: 355483040314139\nSeriennummer: \nVersion: Android 3.0.1
367,Apple iPhone 3GS (10) (8GB),t,berlin,IMEI:012267006557004\nSeriennummer: 870380M4EDG\nVerion: iOS 4.3
396,Apple iPad 3 (1) (YOC) (16GB),t,berlin,IMEI: 013117006322447\nSeriennummer: DLXH8JC5DVGG\nVersion: iOS 7.0.4 (11B554a)
354,Blackberry 9810,t,berlin,Modell: Torch\nIMEI: 357696040952495
307,Motorola Backflip,f,berlin,
300,HTC One X,t,berlin,IMEI: 359188048061147\nSeriennummer: HT242W136155\nVersion: Android 4.0.4
313,Samsung Galaxy Note GT-N7000,t,berlin,IMEI: 359575040225979\nSeriennummer: R23BA84429F\nVersion: Android 4.0.4
390,HTC HD7,t,berlin,IMEI: 352811040448924\nSeriennummer: HT0B3RG02400\nVersion: WP 7.5
308,Motorola Defy,t,berlin,IMEI: 354717042687294\nSeriennummer: L026NY4QWP\nVersion: Android 2.1-update 1
311,Samsung Galaxy Ace GT-S5830,t,berlin,IMEI:354890041079373\nSeriennummer: R24B225120R\nVersion: Android 2.3.6
309,Motorola Milestone (1),t,berlin,IMEI:354635030162577\nSeriennummer: J286LW2DLT\nVersion: Android 2.1-update 1
405,Samsung Omnia 2 i8000,t,berlin,IMEI: 352344031000249\nSeriennummer: R3WS946353X\nVersion: WinMob 6.5
314,Samsung Galaxy S i9000,f,berlin,Nr 01
364,Sony Ericsson K800i,f,berlin,
323,Nokia N95,t,berlin,IMEI:356962017378895\nSeriennummer:\nVersion: Android \nLadegerät: NT 12
305,LG P500 Optimus One,t,berlin,IMEI: 354043041933567\nSeriennummer: 010KPED193356\nVersion: Android 2.2
316,Samsung Galaxy S i9000 (SWISS),t,berlin,IMEI: 354406045714608\nSeriennummer: RFBB186073Y\nVersion: Android 2.2\n\nZubehör:\n  * Deckel\n  * Akku
400,LG GW910 Developer Device,f,berlin,IMEI: 351791040009929\nSeriennummer: 002KPPB0000992\nVersion: WP 7
322,SonyEricsson Xperia Arc,t,berlin,IMEI: 012682003491280\nSeriennummer: CB5A1DQ9NT\nVersion: Android 2.3.3
416,Nokia E61,t,berlin,IMEI: 356211002775230\nSeriennummer: \nVersion: Symbian  S60 3rd OS v9.1
419,Nokia N70,f,berlin,
294,HTC Desire HD (1),t,berlin,IMEI: 352668043634904\nSeriennummer: HT0BNRX13043\nVersion: Android 2.3.3
501,Apple iPad 4 (1) (16GB  WiFi+ 3G),t,berlin,IMEI: 990002367412044\nSeriennummer: DMPJJDN6F18P\nOS: iOS 6.0.1\n\nLadegerät: INT 13
424,Samsung Wave 1 GT-S8500,f,berlin,IMEI: 351781048762272\nSeriennummer: RVTZ822232L\nVersion: Bada 1.2\n
380,Apple iPhone 4S (2) (16GB),t,berlin,IMEI: 012939004654393\nSeriennummer: DNQGK6QNDTD2\nVersion: iOS 6.0
431,Blackberry 9800,t,berlin,Modell: Torch\nIMEI: 353490040577732\nOS: 6.0\nKennwort: qwert
441,HTC Dream G1 Google Android  (T-Mobile),t,berlin,IMEI: 358280010691737\nSeriennummer: HT852KV12660D\nVersion: Android 1.6\n\n+Ladegetät
356,Apple iPad 3 (2) (16GB  WiFi),t,berlin,Serienummer:DLXH5RRT5DJ8T\nVersion: iOS 6.0
436,Apple iPod 2G (3) (8GB),t,berlin,Seriennummer: 1A846Q92201\nVersion: iOS 2.2.1
384,Apple iPhone 5 (1) (16GB),t,berlin,IMEI:013348004966220\nSeriennummer:C38JHWH8DTWD\nVersion: iOS 6.0.1
353,Apple iPad 2 (2) (16GB  WiFi+ 3G),t,berlin,IMEI: 01267000 284954 1\nSeriennummer: DLXFD5U8DKNV\nVersion: iOS 5.1.1
372,Apple iPhone 4 (4) (16GB),t,berlin,IMEI: 012431003267724\nSeriennummer: 66037HK2A4S\nVersion: iOS 6.1.3
423,Samsung Wave 1 (Schwarz),f,berlin,Model: GT-S8500\n\nOS: Bada 2.0\n\nIMEI: 35636304151821 /0
317,Samsung Galaxy SII (1) GT-I9100,t,berlin,Seriennummer:R2AB544107H\nVersion: Android 4.1.2\nIMEI: 355310043488570
310,Motorola Milestone (2),t,berlin,IMEI: 352784040122197\nSeriennummer: L536NU24XS\nVersion: Android 2.2
440,HTC Wildfire Jennifer A3333,t,berlin,IMEI: 359028039826670\nSeriennummer: HT09XPY08773\nVersion: Android 2.2.1
420,Nokia N80,f,berlin,Notiz: Kein Akku vorhanden
429,Samsung Wave 2,f,berlin,Model: GT-S8530\nOS: Bada 1.2
352,Apple iPad 2 (1) (16GB  WiFi),t,berlin,IMEI: 01 266700 951162 9\nSeriennummer: DLXF93PMDFJ1\nVersion: iOS 7 Golden Master
434,Nokia Lumia 920,t,berlin,IMEI: 354149051124755  \nMAC 34-C8-03-B4-63-F0\nVersion: WP 8.0 \n\n\n-Ladegerät
430,Blackberry 9700 (QA Only),t,berlin,Modell: Bold 2\nIMEI: 354255045664739\nOS: 5.0
346,Apple iPad 1 (3) (16GB  WiF),t,berlin,IMEI: 01 222400 954181 6\nSeriennummer: GB020QSXA90\nVersion: iOS 5.1.1
376,Apple iPhone 4 (8) (16GB),t,berlin,IMEI:012421005250984\nSeriennummer:7R0340GEA4S\nVersion: iOS 5.1.1
351,Apple iPad 1 (7) (16GB  WiFi+ 3G),t,berlin,IMEI: 01 243500 3035957\nSeriennummer: GB104GCVA90\nVersion: 5.1.1
417,Samsung Wave 1 (Testgerät),t,berlin,Model: GT-S8500\n\nSAMSUNG TESTGERÄT\n\nOS: Bada 1.0\n\nIMEI: 35922303012785/1
386,Apple iPhone 5 (2) (16GB),t,berlin,IMEI: 013347007417520\nSeriennummer: C38JHW06DTWD\nVersion: iOS 7.0
366,Apple iPhone 3GS (9) (8GB),t,berlin,IMEI: 012268003610143\nSeriennummer: 870381FLEDG\nVersion: iOS 6.0
363,Apple iPhone 3GS (7) (16GB),t,berlin,IMEI: 012162004896290\nSeriennummer: 810148JP3NP\nVersion: iOS 3.1.3
365,Apple iPhone 3GS (8) (32GB),t,berlin,IMEI: 012268009023440\nSeriennummer: 88022AQZ3NR\nVersion: iOS 5.1.1
358,Apple iPhone 3G (1) (8GB),t,berlin,IMEI: 011713008406832\nSeriennummer: 82833J6AY7H\nVersion: iOS 3.1.3
340,BlackBerry 9520,t,berlin,Modell: Storm 2\nOS: 5.0\nIMEI: 356297030457180
374,Apple iPhone 4 (6) (16GB),t,berlin,IMEI:012417003891688\nSeriennummer:790378K8A4S\nVersion: iOS 4.3.5
395,Apple iPod 4G (2) (8BG),t,berlin,Seriennummer: C3VDDCY0DCP7\nVersion: iOS 4.1
394,Apple iPod 4G (1) (8GB),t,berlin,Seriennummer:C3LDF78WDCP7\nVersion:iOS 5.1.1
438,Samsung Wave M GT-S7250,f,berlin,IMEI: 357776040098778\nSeriennummer: R22B947078H\nVersion: bada 2.011
432,Samsung Galaxy SII (2) GT-I9100G,t,berlin,Seriennummer: RF1C34WVPTY\nVersion: Android 2.3.6\nIMEI: 358401047866262
298,HTC Legend,t,berlin,IMEI: 354316038219327\nSeriennummer: SH0AHNX02325\nVersion: Android 2.1 -update 1
303,HTC Wildfire A3333,t,berlin,IMEI: 359028030743361\nSeriennummer: HT06MPY06683\nVersion: Android 2.2.1
387,HTC 7 Pro T7576,t,berlin,IMEI: 353723040095978\nSeriennummer: HT11ET100157\nVersion: WP 7
437,Samsung Wave 3 GT-8600,f,berlin,IMEI: 358065040052798\nSeriennummer: R24B854683M\nVersion: Bada 2.OS 8600XXKHB
426,Samsung Wave 2 (2) GT-S8530,t,berlin,Seriennummer: RWBA09649X\nVersion: Bada 1.2\nIMEI: 358888043178504
425,Samsung Wave 2 (1) GT-S8530,t,berlin,Seriennummer: RUPB190804V\nVersion: Bada 1.2\nIMEI: 355082041833053
402,Samsung Omnia 7 i8700,t,berlin,IMEI: 353679040514006\nSeriennummer: R5XZB01984Z\nVersion: WP 7.5
439,HTC Cha Cha A810e,t,berlin,IMEI:055746042715499\nSeriennummer: HT16LV411572\nVersion: Android 2.3.5
539,BlackBerry Q10,t,cologne,Smartphone. WLAN-Unterstüzung.\nIMEI-Nr.: 356760051956356\nEntsperrungs-Code: 8809.\n\nBlue-Box-Inhalt:\n- Phone\n- Deckel\n- Akku\n- USB-Kabel\n- Stromnetzstecker
304,LG E720 Optimus Chic,t,berlin,IMEI: 355047040009831\nSeriennummer: 010KPVH000983\nVersion: Android 2.2
407,Sony Ericsson Xperia X1 i,t,berlin,IMEI: 357263021879864\nSeriennummer: GT20005EJY\nVersion: WinMob 6.1
385,Nokia N8,t,berlin,IMEI: 355361047341471\nSeriennummer: \nVersion: Symbian^3
336,Blackberry 9000 (Bold),f,berlin,IMEI: 355256025398271\nSeriennummer: PCB17915001B\nVersion: RIM 4.6\nNotiz: Der Akku lädt nicht mehr  sodass das Gerät nicht mehr angeht. Der Akku sollte gewechselt werden.
408,Sony Ericsson Xperia X2,t,berlin,IMEI: 35780303082100908\nSeriennummer: CB511ETB6D\nVersion: WinMob 6.5 Professional
397,HTC 7 Mozart (2),t,berlin,IMEI: 352629040242810\nSeriennummer: HTOALRP02296\nVersion: WP 7.5
319,Samsung Galaxy Tab GT-P1000 (1),t,berlin,IMEI: 352961040685635\nSeriennummer: R7YZA47749\nVersion: Android 2.2\nLadegerät: NT 09
329,Samsung Galaxy Tab GT-P1000 (2),t,berlin,IMEI:352961040536648\nSeriennummer:R3YZA96546\nVersion: Android 2.2\nLadegerät: NT 10
293,Dell Streak,t,berlin,IMEI:354000030629184\nSeriennummer:\nVersion: Android 2.2.2\nLadegerät: NT 11
505,LG Google Nexus 4 (1),t,berlin,Nexus 4 (8 GB)\nAndroid 4.2.2\n\nDisplaytyp\t        IPS-LCD\nDisplaydiagonale\t4.7 Zoll (11 94 cm)\nDisplayauflösung\t1280 x 768 Pixel \nPixeldichte\t        318 ppi (Pixel/Zoll)\n\n\nIMEI:355136050690083
227,HP Palm Veer,t,cologne,Smartphone.\n\nBlue-Box-Inhalt:\n- Phone\n- Stromnetzstecker\n- Adapter\n- Datenkabel\n- Micro-USB-Kabel\n- Induktions-Modul\n\nx. Das Gerät scheint einen Kratzer auf dem Displayzu haben  wenn es eingeschaltet ist. Dieser verläuft diagonal von links unten nach rechts oben.
508,LG Google Nexus 4 (2),t,berlin,Nexus 4 (8 GB)\nAndroid 4.3\n\nDisplaytyp\t        IPS-LCD\nDisplaydiagonale\t4.7 Zoll (11 94 cm)\nDisplayauflösung\t1280 x 768 Pixel \nPixeldichte\t        318 ppi (Pixel/Zoll)\n\n\nIMEI:355136050664633
115,Sony Ericsson XPERIA X10(i),t,cologne,Handy. \n\nZubehör:\n- Klappe\n- Akku\n- Netzteil (USB)\n- USB-Kabel\n\n\nBemerkungen:\n   * WLAN-Unterstützung\n   * Android 2.3.3
541,Geeksphone peak (1),t,berlin,Ein Firefox OS Smartphone.\nWLAN-Unterstützung.\n\nIMEI-Nr.: 866173010398665\n\nBlue-Box-Inhalt:\n- Phone\n- Deckel\n- Akku\n- Micro-USB-Ladekabel\n- Stromnetzstecker
523,Sony Xperia Go ST27i,t,berlin,Sony Xperia Go \nDisplaydiagonale:3.5 Zoll (8 89 cm)\nDisplayauflösung:480 x 320 Pixel\nIMEI:352891056255892\nSeriennummer:CB5A1LVD35\nVersion: Android 2.3.7  
551,Leap Motion Controller,t,cologne,http://www.leapmotion.com\n\nZubehör:\n* USB-Anschlußkabel\n\nUser:Sevenval\nE-mail:devicemanagement@sevenval.com\nPassword:Asdfg123
534,NT BB-Z10,f,berlin,NT 56\nNetzteil (5V/750mA)
435,Apple iPad Mini (1),t,berlin,iPad Mini 16 GB 4G+WiFi\n\nDisplaydiagonale\t7.9 Zoll (20 07 cm)\nDisplayauflösung\t1024 x 768 Pixel\n\nIMEI: 990002398891679\nSeriennr.:F4KJR442F19J\nVersion: iOS 6.0.1\n\nUDID:9b9c75b0b781bd9c20069d288ba47fca7424a454\n\n-Ladegerät
536,BlackBerry 9700 Bold (4),t,cologne,Smartphone. WLAN-Fähig.\nPasswort zum Entsperren: 8809.\n\nIMEI-Nr.: 359395035163196\n\nBlue-Box-Inhalt:\n- Phone\n- Deckel\n- Akku
540,BlackBerry Q10,t,berlin,Modell: BlackBerry Q10\nModellnummer: SQN100-3\nOS: 10.1.0.238\nIMEI: 356760051772290\nSeriennummer: 0718-8491-6847\n\nDisplay-Größe: Auflösung B x H 720 x 720 Pixel\nDiagonale Zoll:\t3 1 Zoll \nPixeldichte:\t328 ppi
517,Sony Xperia Z,t,cologne,Smartphone mit WLAN-Unterstützung\n\nBlue-Box-Inhalt:\n- Phone\n- USB-Kabel\n- Ladegerät
537,Bereitschafts-Phone,t,cologne,Ein BlackBerry 9000 mit einer T-Mobile Prepaid Karte.\n\nACHTUNG:\nDieses Smartphone sollte erst nach Absprache mit seinem jeweiligen Teamleiter gebucht werdem.\n\nBlue-Box-Inhalt:\n- Phone \n- Deckel\n- Akku\n- Ladekabel\n- SIM-Karte (Diese klebt in der Verpackung)
515,BlackBerry Z10 (2),f,cologne,Smartphone. WLAN-Fähig.\nIMEI-Nr.: 354897051755487\n\nHat sich Roland geschnappt\n\nBlue-Box-Inhalt:\n- Phone\n- Deckel\n- Akku\n- USB-Kabel\n- Stromnetzstecker
192,Huawei (Vodafone) HSPA USB Stick,t,cologne,HSPA USB Stick\n\nBenötigt eine Sim Karte\n\nInhalt:\n- Stick\n- USB-Kabel\n\nDer Stick ist defekt bzw. hat einen Wackelkontakt. Lässt sich aber nicht mehr wirklich gebrauchen. Wenn man den ausfahrbaren USB-Stecker wieder etwas einfährt  wird der Stick kurz erkannt  kann aber Verbindung herstellen. R.I.P.\n\nDas Stick wurde durch ein neues ersetzt.
189,Apple iPad 1 - 3G (64GB),t,cologne,iOS 5.1.1 (5.0) Referenzgeärt !!!! NICHT AKTUALISIEREN !!\n\nTablet. \nUSB-Kabel defekt (denoch funktionsfähig). 11.03.2011\nUSB-Kabel durch ein neues ersetzt. 24.06.2013.\n\nUDID: 8fb87e3ad789a507670e128f7e35869dd439016f \n\nZubehör:\n   * Schutzhülle (Defekt oben rechts (wenn man auf das iPad schaut). Gemeldet von SebastianT (Hat das Gerät für Jonathan abgeholt) 28.6.2011 09:39 Markus\n   * Ladekabel (USB)\n   * Stromnetz-Stecker\n   * Stromnetz-Adapter\n   * Sim-Fach Öffner\n
543,BlackBerry 10 Dev Alpha C,t,cologne,Smartphone.\nWLAN-Unterstützung.\n\nBlue-Box-Inhalt:\n- Smartphone\n- Deckel\n- Akku\n- Ladekabel US\n- Ladekabel EU
516,Samsung Nexus 10 (Tablet),t,berlin,Samsung Nexus 10 16 GB + Netzteil (NT 54)\nModel: GT-P8110\nVersion: Android 4.2.2\n\nDisplaydiagonale\t10.1 Zoll (25 65 cm)\nDisplayauflösung\t 2560 x 1600 Pixel\nS/N: R32D2032LSX 16GB\n
546,Sennheiser EZX 60 Bluetooth Headset,t,cologne,Sennheiser EZX 60 Bluetooth Headset for mobile phones.
553,BlackBerry 9300,t,cologne,Smartphone. \nWLAN-Fähig.\n\nIMEI: 353872048820919\n\nBlue-Box-Inhalt:\n- Phone\n- Deckel\n- Akku\n- USB-Kabel\n- Stromnetzstecker\n- Netzadapter
443,Samsung Pixon M8800,t,berlin,IMEI: 356325022206156\nSeriennummer: R3XQC01057B\nVersion: 
409,Nokia 5300 XpressMusic,t,berlin,IMEI: 354564014167909\nSeriennummer: \nVersion: Symbian S40 3rd Edition Feature Pack 2
444,Apple iPhone 3GS (11) (16GB),t,berlin,IMEI: 011952002701554\nSeriennummer: 869217XR3NP\nVersion: iOS 4.1\n
224,Nokia C3-01,t,cologne,Feature-Phone\n\nAuf dem Startbildschirm ist der Ovi Browser (eigentlich Nokia Xpress) 2.3.\n\nDer "Build-In" Browser ist im Menü zu finden (Internet).\nOpera Mini unter Menü->Programme->Extras->Sammlung\n\nDort gibt es auch nochmal den Nokia Xpress(Ovi 2.3) und den Nokia Browser (eigentlich Ovi 1.0)\n\nBlue-Box-Inhalt:\n- Phone\n- Akku\n- Deckel\n- Aufladekabel
452,Samsung Galaxy Tab 10.1N GT-P7511,t,berlin,Seriennummer: RF2C100GYDR\nSamsung Galaxy Tab 10.1N Android 3.2\nLadegerät: NT 07
96,Sony Ericsson W890iv,t,cologne,Rolands EX-Firmenhandy\n\nBestandteile:\n- Handy\n- Klappe\n- Akku\n- Aufladegerät\n- Datenkabel
306,Motorola Atrix,t,berlin,IMEI:356381041353065\nSeriennummer: L196QLBSBQ\nVersion: Android 2.2.2
261,MIcrosoft XBOX 360,t,cologne,Spielkonsole\n\nZubehör:\n- XBOX-Konsole\n- Netzteil\n- Stromnetzstecker\n- Kinect-Sensor\n- HDMI - Kabel\n- Controller\n- Anleitung\n
449,Portable Mobile Test Unit (PMTU),t,cologne,Unser Testkoffer bestückt mit Adobe Edge Inspect fähigen Devices.\n\nAnleitung Siehe\n\nhttps://ticket.office.sevenval.de/projects/infos/wiki/Gadgetothek_pmtu\n\n* iPad 1\n* iPhone 4\n* Nexus 7\n* Galaxy S2\n* HTC Flyer\n* Desire HD\n* Motorola Milestone\n
447,MS Surface Tap 1 (32 GB),t,berlin,Seriennummer: 149283124552\nVersion: Windows RT\nBenutzerkennwort: yocyocer\nLadegerät: NT 02\n
450,Sony Ericsson XPeria X10 Mini Pro,t,cologne,Smartphone. WLAN-Unterstütung.\n\nBlue-Box-Inhalt:\n- Phone\n- Deckel\n- Akku\n- Aufladekabel\n
446,Samsung Galaxy Nexus (2),t,berlin,IMEI: 35155405109272\nSeriennummer: 014995270400801A\nVersion: Android 4.2.1
342,ViewSonic VPAD7,t,berlin,IMEI: 359752035619744\nSeriennummer: SFV114283436\nVersion: Android 2.2.2\nLadegerät: NT04
451,Nokia C6-01,t,cologne,Nokia Featurephone\n\nZubehör:\nLadegerät\nUSB Kabel
315,Samsung Galaxy S i9000 (2) (Unlabeled),t,berlin,IMEI: 354406047047056\nVersion: Anroid 2.3.6
453,Google Nexus 10,t,cologne,Tablet 10 Zoll. WLAN-Fähig.\n\nBox-Inhalt:\n- Tablet\n- USB-Kabel\n- Adapter\n- Stromnetzstecker
238,Apple iPhone 4S (1) (16GB) schwarz,t,cologne,iOS 6.0 (6.0) Referenzgeärt !!!! NICHT AKTUALISIEREN !!\n\nSmartphone.\n\nIMEI: 012938003650873\n\nBlue-Box-Inhalt:\n- Phone\n- Stecker\n- Datenkabel\n- SIM-Fach-Öffner
448,Google Nexus 4 (16 GB),t,cologne,Android-Smartphone. WLAN-Unterstützung.\nAndroid 4.3\n\nIMEI-Nr.: 353918-05-195589-2\n\nBlue-Box-Inhalt:\n- Phone\n- Datenkabel\n- Stromnetzstecker\n- SIM-Fach-Öffner
411,Nokia 5800 XpressMusic,f,berlin,IMEI: 353205033873686\nSeriennummer: \nVersion: Symbian 9.4 
442,Palm Pre P100UEU,t,berlin,IMEI: 35813902021962605\nSeriennummer: P5HUG9Q959PF\nVersion: webOS 1.4.5
57,HP iPAQ 5550,f,cologne,PocketPC; WLAN-Unterstützung.\n\nDas Gerät fährt hoch und stürzt gleich ab. Das Gerät wurde zwei Stunden aufgeladen und zeigte das selbe Verhalten wie vorher. Wahrscheinlich ist der Akku defekt.
561,BlackBerry Z30,t,cologne,Smartphone. WLAN-Unterstützung.\n\nBlue-Box-Inhalt:\n- Phone\n- Deckel\n- Stromnetzstecker\n- USB-Kabel\n\n\nIMEI-Nr.: 356965050681414.\n
547,Samsung Galaxy S4 (1) GT-I9505,t,berlin,Seriennummer: RF1D55QZKNE\nVersion: Android 4.2.2\nIMEI: 357377050916486
554,HTC One,t,cologne,Android - Smartphone.\nWLAN-Unterstützung.\n\nIMEI-Nr.: 35786454210719\n\nBlue-Box-Inhalt:\n- Phone\n- Micro-USB-Daten-Kabel\n- Stromnetzstecker\n- SIM-Fach Öffner
542,Geeksphone peak (2),t,cologne,Ein Firefox OS Smartphone.\nWLAN-Unterstützung.\n\nIMEI-Nr.: 866173010379616\n\nBlue-Box-Inhalt:\n- Phone\n- Deckel\n- Akku\n- Micro-USB-Ladekabel\n- Stromnetzstecker\n
548,Samsung Galaxy S4 (2) GT-I9505,t,berlin,Samsung Galaxy S4  GT-I9505\nSeriennummer: RF1D681YV6Z \nOS Version: Android 4.3\nIMEI: 357445052505324
538,Samsung GT-I9505 (Samsung Galaxy S IV),t,cologne,Samsung Galaxy S4. Smartphone. WLAN-Unterstützung.\n\nBlue-Box-Inhalt:\n- Phone\n- Deckel\n- Akku\n- USB-Datenkabel\n- Stromnetzstecker
200,ExoPC Slate,f,cologne,Liegt im Glasschrank.\n\nTablet mit dem Linux-Betriebssytem Meego. \nWlan-Unterstützung.\n\nBestandteile:\n- Tablet\n- AC/DC-Adapter\n- Netzkabel\n- US-Stromnetzstecker\n- UK-Stromnetzstecker\n- EUR-Stromnetzstecker
256,Samsung GT-I9100 (Samsung Galaxy S II) (2),t,cologne,Android Smartphone. WLAN Unterstützung.\n\nNicht Updaten - Referenzgerät\n\nBlue-Box-Inhalt:\n- Phone\n- Deckel\n- Akku\n- USB-Datenkabel\n- Aufladekabel
333,Sony Tablet S,t,berlin,Sony Tablet S 16GB Wifi\n\nDisplaydiagonale\t9.4 Zoll (23 88 cm)\nDisplayauflösung\t1280 x 800 Pixel\n\n\nSeriennummer: 275501200017709\nOS: Android 3.2\nLadegerät: NT 06
205,BlackBerry 9000 (4),f,cologne,Smartphone. Das alte Firmenhandy von Susanne.\n\nSevdalinas Firmenhandy.\n\nBestandteile der Blue-Box:\n- Phone\n- Deckel\n- Akku\n
518,Sony Xperia Z (1),t,berlin,Sony Xperia Z  Android 4.1.2 + Netzteil NT55\n\nSpeicher (intern)\t16 GB\nDisplaydiagonale\t5 Zoll (12 70 cm)\nDisplayauflösung\t1920 x 1080 Pixel\nPixeldichte\t\t441 ppi (Pixel/Zoll)\nIMEI:                   355762052879638
69,Apple iPod Touch (1),t,cologne,iOS 2.2.1 (3.1.1) Referenzgeärt !!!! NICHT AKTUALISIEREN !!\n\nPocketPC. Firmware 2.2.1; WLAN-Unterstützung\n\nUDID: 3fad07b19184236b9ece4525fb86922b06a8d368
522,Samsung Galaxy SIII (2) GT-I9300,t,berlin,Samsung Galaxy SIII (2) GT-I9300 + NT39\n\nIMEI:35186905454282701\nSeriennummer: R31C50YMVEW\nVersion: Android 4.1.2\n\nDisplay:4.8 Zoll (12 19 cm) 1280 x 720 Pixel
312,Samsung Galaxy Nexus (1),t,berlin,IMEI: 351554050778332\nSeriennummer: 0149A35115002010\nVersion: Android 4.2.2
530,Google Nexus 4 (8 GB),t,cologne,!! !!!!!!!!!!!!!!!!!!!!!!!! ACHTUNG !!!!!!!!!!!!!!!!!!!!!!!!!!\n!!! Smartphone mit UBUNTU OS Version 13.10. !!!!!!!!!!!!!!!!!\n!!! KEIN ANDROID-GERÄT !!!!!!!!!!!!!!!!!!!!!!!!!!!!!!!!!!!!!!\n!!!!!!!!!!!!!!!!!!!!!!!!!! ACHTUNG !!!!!!!!!!!!!!!!!!!!!!!!!!\n\nIMEI-Nr.: 353918-05-745439-5\nS/N: 301KPVH745439\n\nBlue-Box-Inhalt:\n- Phone\n- Datenkabel\n- Stromnetzstecker\n- SIM-Fach-Öffner\n\n\nACHTUNG:\nBITTE KEINE UPDATES VORNEHMEN!\nBEZ. User-Agent. Der Browser des Geräts lässt sich als ein iPhone erkennen.
514,BlackBerry Z10 (1),t,cologne,Dev Alpha C Gerät\n\nBlue-Box-Inhalt:\n- Phone\n- Deckel\n- Akku
533,BlackBerry Z10,t,berlin,Modell: Blackberry Z10\nModellnummer: STL100-2\nIMEI: 354897054200093\nSeriennummer: 0716-3839-6063\nOS: 10.0.10.90\n\nDisplay-Größe: Auflösung B x H\t768 x 1.280 Pixel\nDiagonale Zoll:\t4 2 Zoll\nPixeldichte: 355 ppi\n\n
121,Apple iPhone 3GS,t,cologne,iOS 4.1 (4.0.5) Referenzgeärt !!!! NICHT AKTUALISIEREN !!\n\nWLAN-Unterstützung.\n\nUDID-Nr.: 86eccea473b3810fbf469f1ff008a370fa532c0f\nS/N: 88920ENX3NP\n\n\nUSB-Kabel defekt (denoch funktionsfähig). 12.04.2012.\nUSB-Kabel wurde ersetzt: 02.11.2012.\n\nBlue-Box-Inhalt:\n- Phone\n- Ladekabel
545,VW Bankey,t,cologne,Bankey.\nAktiv für Zugang 0106849.
544,Nokia Lumia 520,t,cologne,Windows Phone. \nWLAN-Unterstützung.\n\nIMEI-Nr.: 357257057912011\n\nBlue-Box-Inhalt:\n- Phone\n- Akku\n- Deckel\n- Micro-USB-Daten-Kabel\n- Aufladekabel\n
509,Asus Nexus 7 (3G),t,berlin,Asus Nexus 7 32GB  3G\n\nDisplaytyp\t      IPS-LCD\nDisplaydiagonale      7 Zoll (17 78 cm)\nDisplayauflösung      1280 x 800 Pixel \nPixeldichte\t      216 ppi (Pixel/Zoll)\nSpeicher (intern)     32GB\nOS: Android 4.2.2\n\nIMEI:                 354400053721480\nSN:                   CCOKBC312266\nSeriennummer:         015d3f19165bec11\n\n
552,Samsung GT-I9505 (Samsung Galaxy S IV) (2),t,cologne,Samsung Galaxy S4. \nSmartphone. WLAN-Unterstützung.\n\nIMEI: 358188055716840\n\nBlue-Box-Inhalt:\n- Phone\n- Deckel\n- Akku\n- USB-Datenkabel\n- Stromnetzstecker
555,MEDION LIFETAB S9714 (MD 98248),t,cologne,Android - Tablet.\nWLAN-Unterstützung.\n\nBlue-Box-Inhalt:\n- Tablet\n- Micro-USB-Daten-Kabel\n- Stromnetzstecker\n- Schutzhülle
20,Nokia N95,t,cologne,  * WLAN-Unterstützung\n\nZubehör:\n- Akku\n- Deckel\n- Ladekabel\n\nBemerkungen: Gehäuserückseite löst sich an den Rändern.\n\nDer Browser lässt sich im Landscape-Modus bringen  indem man unter dem Browser-Menü "Optionen" den Menüpunkt "Bildschirmanz. drehen" auswählt. Das gleiche gilt um wieder zurück zum Portrait-Modus zu gelangen.
557,Asus Padfone Infinity + Asus Padfone Infinity Station,t,cologne,Android - Smartphone.\nDockingstation - Tablet\n\nWLAN-Unterstützung.\n\nIMEI-Nr.: 354928051860793 [Smartphone]\n\nBlue-Box-Inhalt:\n- Phone\n- Micro-USB-Daten-Kabel\n- Stromnetzstecker\n- Netzadapter\n- EU - Adapter\n- SIM-Fach Öffner\n- Tablet-Dockingstation
570,Nokia Lumia 1520,t,cologne,Phablet. WLAN-Unterstützung.\nIMEI-Nr.: 358342050602147\n\nBlue-Box-Inhalt:\n- Phone\n- SIM-Fach-Öffner\n- USB-Datenkabel\n- Stromnetzstecker
574,Fairphone,t,cologne,Smartphone. WLAN-Unterstützung.\nIMEI1: 359694050210431\nIMEI2: 359694050210449\nS/N: 4010310522\n\nBlue-Box-Inhalt:\n- Phone\n- Deckel\n- Akku\n- USB-Kabel\n- Stromnetzstecker\n
575,Laptop - Mercedes Benz,f,cologne,Laptop von Mercedes-Benz\n\nInfo: Darf nur von 2 Mitgliedern des Projektes gleichzeitig abgeholt werden.\n\nAbholbar von folgenden Kollegen:\n\n- Wolfgang Seyppel\n- Sarah Luna Weaver\n- Jens Oyda\n- Manuel Schneider\n- Ulrich Schmidt\n- Heiko Juhrich\n- Daniel Ebner\n- Marc Quenteux\n- Marcel Wagner\n- Oliver Lindenlauf\n- David Yasli\n\nInhalt:\n\n- Lenovo Laptop\n- Ladekabel
550,Apple iPhone 5C (16GB),t,cologne,iOS 7.0.5 (7.0)\nNICHT AKTUALISIEREN !!\n\nTablet. WLAN-Unterstützung.\nSerien Nr.: C7JL73WFFFTN\nIMEI: 357999051838953\nUDID: 704ae940e7cf44428a430dda2dc10a6a08aa4a96\n\nBox-Inhalt:\n- Phone\n- Stromnetzstecker\n- Ladekabel\n- SIM-Fach Öffner
578,Samsung GT-I9195 (Samsung Galaxy S IV Mini),t,cologne,Samsung Galaxy S4 Mini. Smartphone. WLAN-Unterstützung. IMEI-Nr.: 351886060823678.\n\nBlue-Box-Inhalt:\n- Phone\n- Deckel\n- Akku\n- Ladekabel\n- Stromnetzstecker
584,Google Chromecast,t,cologne,PC-TV Spiegel-HDMI-Stick\n\nBlue-Box-Inhalt:\n- Stick\n- USB-Kabel\n- HDMI-Kabel\n- Stromnetzstecker US
556,Nokia Lumia 925,t,cologne,Windows 8 - Smartphone.\nWLAN-Unterstützung.\n\nIMEI-Nr.: 356717051176534\n\nBlue-Box-Inhalt:\n- Phone\n- Micro-USB-Daten-Kabel\n- Stromnetzstecker\n- SIM-Fach Öffner
560,Apple iPhone 5S (16 GB) (2),t,cologne,iOS 7.0.3 (7.0)\nNICHT AKTUALISIEREN !!\n\nSmartphone. WLAN-Unterstützung.\n\nBlue-Box-Inhalt:\n- Phone\n- USB-Kabel\n- Stromnetzstecker\n- SIM-Fach-Öffner\n\nUDID: 2faf4c5f05dfe5c2c6e65b3ce3f16d94299c3d20\nS/N: C39LGAZYFFGC\nIMEI: 357998054175132\nEntsperrungs-Code: 8809
558,LG G2,t,cologne,Smartphone. WLAN-Unterstützung.\n\nBlue-Box-Inhalt:\n- Phone\n- USB-Kabel\n- Stromnetzstecker\n- SIM-Fach-Öffner\n\nIMEI-Nr.: 357246-05-480224-2\nS/N: 309KPAE480224
580,Samsung Galaxy Note 3,t,cologne,Smartphone. WLAN-Unterstützung.\nIMEI-Nr.: 351776061848537.\nS/N: RF8DC03MGDV\n\n\nBlue-Box-Inhalt:\n- Phone mit Pen\n- Deckel\n- Akku\n- USB-Kabel\n- Stromnetzstecker
571,Nokia Lumia 720 (1),t,berlin,Smartphone. WLAN-Unterstützung.\nOS: Windows Phone 8.0 (WP 8.0)\n\nIMEI-Nr.: 355911050570760.\n\nBlue-Box-Inhalt:\n- Phone\n- Datenkabel\n- SIM-Fach-Öffner\n- Stromnetzstecker
577,Samsung GT-I8160 (Galaxy Ace 2),t,cologne,Smartphone. WLAN-Unterstützung.\nIMEI-Nr.: 358659051131671.\n\nBei der Buchung zur Google Glass notwendig  bzgl. MyGlass und der Anbindung zur Brille.\n\nBlue-Box-Inhalt:\n- Phone\n- Akku\n- Deckel\n- Micro-USB-Kabel\n- Aufladekabel
590,Samsung S8000 (2),t,cologne,Smartphone. WLAN-Unterstützung trotzdem SIM-Karte erforderlich.\n\nBlue-Box-Inhalt:\n- Phone\n- Deckel\n- Akku\n- Datenkabel (Auch als Aufladekabel verwendbar)
559,Apple iPhone 5S (16 GB)(1),t,berlin,Smartphone. WLAN-Unterstützung.\n\nInhalt:\n- Phone\n- Stromnetzstecker\n- USB-Kabel\n- SIM-Fach-Öffner\n\nS/N: C39LGCH1FFGC\nIMEI-Nr.: 357998056683778\nUDID: 3f07a762f0d4adc66cbe5a72ad2212a1a6143b3c\nEntsperrungs-Code: keiner
591,LG BL40 (2),t,cologne,Smartphone. WLAN-Unterstützung.\n\nBlue-Box-Inhalt:\n- Phone\n- Deckel\n- Akku\n- USB-Kabel\n- Stromnetzstecker
597,Google Glass (XE-C),t,cologne,WLAN-Unterstützung.\n\nSmartphone - Verbindung.\n\nBei der Buchung bitte auch das Samsung Galaxy Ace - HID 577 dazu buchen  bzgl. MyGlass und der Anbindung zur Brille.\n\nBox-Inhalt:\n- Google Glass\n- Gläser\n- Kopfhörer\n- Tasche [Gläser]\n- Tasche [Brille]\n- Micro-USB-Kabel\n- Adapter [Amerika]\n- Karton/Verpackung
592,Google Nexus 5 (16 GB),t,berlin,Smartphone. WLAN-Unterstützung.\n\nSerien/Nummer: 312KPQJ040388\nIMEI-Nr.: 352136-06-040388-4\n\nBlue-Box-Inhalt:\n- Phone\n- USB-Kabel\n- Stromnetzstecker\n- SIM-Fach-Öffner
237,Apple iPhone 4S (2) (16GB) weiß,t,cologne,iOS 7.1 (7.0) Referenzgerät !!!! NICHT AKTUALISIEREN !!\n\nSmartphone.\n\nIMEI-Nr.: 012936009458143\nUDID: ee0f240ee81614d0254573989226d4293b94e871\n\nBlue-Box-Inhalt:\n- Phone\n- Datenkabel\n- Stecker\n- Sim Fach Öffner\n\nKleine Gehäuse-Beschädigung im Kunstsoff oben links in der Ecke. (2012-05-21)\n\nWar das Firmenhandy von Bianca Nowakowski (Ehemaliges Sales-Gerät).\n
581,Bluetooth Freisprechanlage,t,cologne,Plantronics Calisto 620\n\nKann man entweder über den beigefügten USB Adapter koppeln oder direkt per Bluetooth.\n\nZubehör:\n   * Freisprechgerät\n   * Hülle\n   * Stromadapter D\n   * Stromadapter UK\n   * Stromadapter USB\n   * USB - Kabel\n   * USB Dongle\n   * Bedienungsanleitung
549,Google Nexus 7 (32 GB) (2013),t,cologne,Bitte nicht Updaten!!!\n\nTablet. WLAN-fähig.\nAndroid 4.3\n\nSeriennummer: D7OKBC636850\n\nBox-Inhalt:\n- Tablet\n- USB-Ladekabel\n- Stromnetzstecker
572,Nokia Lumia 720 (2),t,berlin,Smartphone. WLAN-Unterstützung\nOS: Windows Phone 8.0 (WP 8.0)\n\nIMEI-Nr.: 355911050569911\n\nBlue-Box-Inhalt:\n- Phone\n- Datenkabel\n- SIM-Fach-Öffner\n- Stromnetzstecker
593,Google Chromecast(2),t,cologne,PC-TV Spiegel-HDMI-Stick\n\nBlue-Box-Inhalt:\n- Stick\n- USB-Kabel\n- HDMI-Kabel\n- Stromnetzstecker EU
579,Samsung GT-I8190 (Galaxy S3 Mini),t,cologne,Smartphone. WLAN-Unterstützung. \n\nIMEI-Nr.: 359532059352574.\n\nBlue-Box-Inhalt:\n- Phone\n- Deckel\n- Akku\n- Ladekabel\n- Stromnetzstecker
585,Samsung SGH-i550,t,cologne,Handy. Keine WLAN Unterstützung. SIM-Karte erforderlich.\n\nBlue-Box-Inhalt:\n- Phone\n- Deckel\n- Akku\n- Aufladekabel
586,Nokia 6210 Navigator,t,cologne,Handy. Keine WLAN-Unterstützung. SIM-Karte erforderlich.\n\nBlue-Box-Inhalt:\n- Phone\n- Deckel\n- Akku\n- Aufladegerät
587,Nokia E61i,t,cologne,Handy. WLAN-Unterstützung.\n\nBlack-Box-Inhalt:\n- Phone\n- Deckel\n- Akku\n- Aufladekabel
588,LG KM900,t,cologne,Smartphone. WLAN-Unterstützung.\n\nBlue-Box-Inhalt:\n- Phone\n- Deckel\n- Akku\n- Datenkabel\n- Stromnetzstecker
589,Nokia N900 (2),t,cologne,Smartphone. WLAN-Unterstützung.\n\nBlue-Box-Inhalt:\n- Phone\n- Deckel\n- Akku\n- Aufladekabel
595,Samsung SM-G900F (Samsung Galaxy S5),t,cologne,Smartphone. \nWLAN-Unterstützung.\n\nIMEI: 352558066907370\n\nBlue-Box-Inhalt:\n- Phone\n- Deckel\n- Akku\n- Stromnetzadapter\n- Micro-USB-Kabel
594,Sony XPERIA Z2 Tablet,t,cologne,Tablet. \nWLAN-Fähig.\n\nSN: 430101660002633\n\nBox-Inhalt:\n- Tablet\n- Micro-USB-Kabel\n- Stromnetzstecker [Adapter]\n- Karton/Verpackung
596,Tolino Shine,t,cologne,E-Book / Tablet\nWLAN-Unterstützung.\n\nInhalt:\n- Reader\n- Micro-USB-Kabel